State,Starting Colonies,Maximum Colonies,Lost Colonies,Percent Loss,Added Colonies,Renovated Colonies,Percent Renovated,Year,loss_rate,quarter_label,Season,Region,year_extract_colony,Varroa Mites (Percent),Other pests and parasites (Percent),Diseases (percent),Pesticides (percent),Other (percent),Unknown (percent),year_extract_stressor
Alabama,7000.0,7000.0,1800.0,26.0,2800.0,250.0,4.0,2015-Q1,25.71428571428571,Q1,Winter,South,2015,10.0,5.4,,2.2,9.1,9.4,2015
Arizona,35000.0,35000.0,4600.0,13.0,3400.0,2100.0,6.0,2015-Q1,13.142857142857142,Q1,Winter,West,2015,26.9,20.5,0.1,,1.8,3.1,2015
Arkansas,13000.0,14000.0,1500.0,11.0,1200.0,90.0,1.0,2015-Q1,10.714285714285714,Q1,Winter,South,2015,17.6,11.4,1.5,3.4,1.0,1.0,2015
California,1440000.0,1690000.0,255000.0,15.0,250000.0,124000.0,7.0,2015-Q1,15.088757396449704,Q1,Winter,West,2015,24.7,7.2,3.0,7.5,6.5,2.8,2015
Colorado,3500.0,12500.0,1500.0,12.0,200.0,140.0,1.0,2015-Q1,12.0,Q1,Winter,West,2015,14.6,0.9,1.8,0.6,2.6,5.9,2015
Connecticut,3900.0,3900.0,870.0,22.0,290.0,0.0,0.0,2015-Q1,22.30769230769231,Q1,Winter,Northeast,2015,2.5,1.4,,,21.2,2.4,2015
Florida,305000.0,315000.0,42000.0,13.0,54000.0,25000.0,8.0,2015-Q1,13.333333333333334,Q1,Winter,South,2015,22.3,13.5,0.8,8.9,5.1,4.4,2015
Georgia,104000.0,105000.0,14500.0,14.0,47000.0,9500.0,9.0,2015-Q1,13.80952380952381,Q1,Winter,South,2015,6.2,4.9,3.3,2.6,4.8,10.5,2015
Hawaii,10500.0,10500.0,380.0,4.0,3400.0,760.0,7.0,2015-Q1,3.619047619047619,Q1,Winter,West,2015,38.8,37.7,1.6,,2.0,,2015
Idaho,81000.0,88000.0,3700.0,4.0,2600.0,8000.0,9.0,2015-Q1,4.204545454545454,Q1,Winter,West,2015,39.8,6.7,12.5,4.8,8.9,4.9,2015
Illinois,6000.0,10500.0,4200.0,40.0,2300.0,390.0,4.0,2015-Q1,40.0,Q1,Winter,Midwest,2015,12.3,6.9,0.7,0.4,12.6,11.6,2015
Indiana,9000.0,9500.0,2100.0,22.0,490.0,120.0,1.0,2015-Q1,22.105263157894736,Q1,Winter,Midwest,2015,20.7,0.3,0.2,0.3,22.3,11.7,2015
Iowa,12500.0,17500.0,3100.0,18.0,1700.0,270.0,2.0,2015-Q1,17.71428571428571,Q1,Winter,Midwest,2015,26.0,0.7,4.6,3.4,18.0,3.4,2015
Kansas,4600.0,7000.0,1600.0,23.0,450.0,70.0,1.0,2015-Q1,22.857142857142858,Q1,Winter,Midwest,2015,32.7,1.3,1.1,14.2,9.5,3.4,2015
Kentucky,7500.0,10500.0,4100.0,39.0,250.0,0.0,0.0,2015-Q1,39.04761904761905,Q1,Winter,South,2015,10.8,10.7,2.5,2.5,22.7,12.9,2015
Louisiana,51000.0,51000.0,8000.0,16.0,3100.0,6500.0,13.0,2015-Q1,15.686274509803921,Q1,Winter,South,2015,17.2,4.7,4.3,1.7,3.1,2.1,2015
Maine,3100.0,6500.0,380.0,6.0,20.0,0.0,0.0,2015-Q1,5.846153846153846,Q1,Winter,Northeast,2015,4.4,0.1,,,7.5,1.9,2015
Maryland,7500.0,10000.0,4100.0,41.0,1600.0,870.0,9.0,2015-Q1,41.0,Q1,Winter,South,2015,10.1,1.8,0.4,,24.2,12.4,2015
Massachusetts,2900.0,4600.0,1000.0,22.0,260.0,120.0,3.0,2015-Q1,21.73913043478261,Q1,Winter,Northeast,2015,23.5,3.5,2.1,2.8,7.6,4.7,2015
Michigan,16500.0,60000.0,11500.0,19.0,7500.0,2400.0,4.0,2015-Q1,19.166666666666668,Q1,Winter,Midwest,2015,14.3,3.1,1.1,1.6,8.3,4.6,2015
Minnesota,28000.0,74000.0,3700.0,5.0,690.0,530.0,1.0,2015-Q1,5.0,Q1,Winter,Midwest,2015,1.4,0.1,,0.1,1.6,2.1,2015
Mississippi,34000.0,76000.0,8500.0,11.0,22000.0,7500.0,10.0,2015-Q1,11.18421052631579,Q1,Winter,South,2015,9.4,8.2,0.1,2.1,1.2,1.1,2015
Missouri,12000.0,13000.0,2000.0,15.0,220.0,910.0,7.0,2015-Q1,15.384615384615385,Q1,Winter,Midwest,2015,13.1,6.0,2.2,4.2,11.8,6.3,2015
Montana,8500.0,36000.0,2200.0,6.0,1400.0,1100.0,3.0,2015-Q1,6.111111111111111,Q1,Winter,West,2015,8.7,0.5,0.6,0.8,2.3,7.9,2015
Nebraska,10000.0,31000.0,2600.0,8.0,120.0,310.0,1.0,2015-Q1,8.38709677419355,Q1,Winter,Midwest,2015,5.9,0.1,0.1,0.5,0.3,3.0,2015
New Jersey,6000.0,9000.0,1100.0,12.0,570.0,1600.0,18.0,2015-Q1,12.222222222222221,Q1,Winter,Northeast,2015,40.1,13.2,30.4,11.1,19.5,16.7,2015
New Mexico,7000.0,7000.0,690.0,10.0,190.0,600.0,9.0,2015-Q1,9.857142857142858,Q1,Winter,West,2015,17.1,0.1,,0.2,1.3,0.4,2015
New York,27000.0,30000.0,6500.0,22.0,430.0,950.0,3.0,2015-Q1,21.666666666666668,Q1,Winter,Northeast,2015,7.6,2.6,0.5,4.4,12.4,8.3,2015
North Carolina,24000.0,26000.0,7000.0,27.0,6000.0,690.0,3.0,2015-Q1,26.923076923076923,Q1,Winter,South,2015,35.5,2.3,0.1,22.9,6.2,12.2,2015
North Dakota,57000.0,120000.0,620.0,1.0,1800.0,530.0,,2015-Q1,0.5166666666666666,Q1,Winter,Midwest,2015,1.7,1.7,,,2.5,0.1,2015
Ohio,18000.0,22000.0,10500.0,48.0,5000.0,3300.0,15.0,2015-Q1,47.72727272727273,Q1,Winter,Midwest,2015,10.7,1.6,1.0,3.0,17.8,3.1,2015
Oklahoma,9500.0,26000.0,6000.0,23.0,2600.0,260.0,1.0,2015-Q1,23.076923076923077,Q1,Winter,South,2015,14.5,10.1,0.5,,2.1,2.9,2015
Oregon,77000.0,87000.0,6500.0,8.0,4300.0,2400.0,3.0,2015-Q1,7.471264367816093,Q1,Winter,West,2015,20.2,2.0,0.4,0.6,1.6,1.1,2015
Pennsylvania,14000.0,21000.0,6500.0,31.0,360.0,0.0,0.0,2015-Q1,30.952380952380953,Q1,Winter,Northeast,2015,28.1,6.3,1.9,1.9,17.8,6.3,2015
South Carolina,17000.0,17500.0,2700.0,15.0,2700.0,1400.0,8.0,2015-Q1,15.428571428571427,Q1,Winter,South,2015,10.5,2.3,0.2,0.3,3.6,2.9,2015
South Dakota,50000.0,97000.0,4600.0,5.0,8500.0,2800.0,3.0,2015-Q1,4.742268041237113,Q1,Winter,Midwest,2015,1.2,0.9,0.3,0.5,1.2,1.8,2015
Tennessee,9500.0,9500.0,2000.0,21.0,1000.0,190.0,2.0,2015-Q1,21.052631578947366,Q1,Winter,South,2015,22.2,17.1,,,13.0,4.4,2015
Texas,191000.0,250000.0,26000.0,10.0,82000.0,51000.0,20.0,2015-Q1,10.4,Q1,Winter,South,2015,21.5,12.2,5.0,11.1,2.3,6.2,2015
Utah,6000.0,24000.0,3300.0,14.0,2500.0,290.0,1.0,2015-Q1,13.750000000000002,Q1,Winter,West,2015,13.6,0.9,0.1,4.4,3.0,0.5,2015
Vermont,5500.0,5500.0,700.0,13.0,1200.0,20.0,,2015-Q1,12.727272727272727,Q1,Winter,Northeast,2015,2.3,5.6,,,5.8,4.9,2015
Virginia,8000.0,9000.0,2500.0,28.0,800.0,460.0,5.0,2015-Q1,27.77777777777778,Q1,Winter,South,2015,19.0,9.4,2.3,,9.8,11.9,2015
Washington,52000.0,105000.0,14000.0,13.0,13500.0,9000.0,9.0,2015-Q1,13.333333333333334,Q1,Winter,West,2015,21.5,0.5,0.3,3.6,6.0,1.1,2015
West Virginia,4700.0,6000.0,1800.0,30.0,570.0,60.0,1.0,2015-Q1,30.0,Q1,Winter,South,2015,18.0,7.3,2.2,2.1,14.6,6.1,2015
Wisconsin,16500.0,29000.0,8000.0,28.0,3100.0,2500.0,9.0,2015-Q1,27.586206896551722,Q1,Winter,Midwest,2015,18.8,1.6,2.7,8.5,8.3,5.8,2015
Wyoming,5500.0,12000.0,2000.0,17.0,2000.0,1400.0,12.0,2015-Q1,16.666666666666664,Q1,Winter,West,2015,0.9,,,,0.7,,2015
Other,3410.0,8990.0,2080.0,23.0,870.0,150.0,2.0,2015-Q1,23.136818687430477,Q1,Winter,Other,2015,0.8,0.1,,0.1,0.9,,2015
Alabama,7500.0,7500.0,860.0,12.0,1900.0,680.0,9.0,2015-Q2,11.466666666666667,Q2,Spring,South,2015,16.7,42.5,,2.3,3.2,4.1,2015
Arizona,33000.0,33000.0,5500.0,17.0,19500.0,7000.0,21.0,2015-Q2,16.666666666666664,Q2,Spring,West,2015,8.4,32.1,0.5,20.1,28.2,0.3,2015
Arkansas,13500.0,13500.0,1900.0,14.0,11500.0,5500.0,41.0,2015-Q2,14.074074074074074,Q2,Spring,South,2015,65.9,63.4,7.0,22.6,27.4,9.3,2015
California,1040000.0,1050000.0,104000.0,10.0,170000.0,285000.0,27.0,2015-Q2,9.904761904761905,Q2,Spring,West,2015,50.9,21.5,7.8,23.0,14.2,3.1,2015
Colorado,12000.0,25000.0,1900.0,8.0,6000.0,3500.0,14.0,2015-Q2,7.6,Q2,Spring,West,2015,38.6,1.8,4.6,2.8,3.4,6.6,2015
Connecticut,3000.0,3000.0,80.0,3.0,1100.0,150.0,5.0,2015-Q2,2.666666666666667,Q2,Spring,Northeast,2015,10.2,0.4,1.9,0.8,1.0,0.7,2015
Florida,210000.0,215000.0,35000.0,16.0,44000.0,24000.0,11.0,2015-Q2,16.27906976744186,Q2,Spring,South,2015,44.2,26.4,2.7,17.7,13.6,5.4,2015
Georgia,114000.0,124000.0,23000.0,19.0,25000.0,19000.0,15.0,2015-Q2,18.548387096774192,Q2,Spring,South,2015,52.8,17.5,2.9,28.7,11.5,4.1,2015
Hawaii,13500.0,13500.0,120.0,1.0,1100.0,1200.0,9.0,2015-Q2,0.8888888888888888,Q2,Spring,West,2015,60.1,61.0,0.3,0.1,3.2,0.1,2015
Idaho,62000.0,72000.0,6500.0,9.0,16500.0,10500.0,15.0,2015-Q2,9.027777777777777,Q2,Spring,West,2015,25.5,6.7,6.5,6.0,13.7,0.3,2015
Illinois,9500.0,9500.0,1300.0,14.0,6000.0,1500.0,16.0,2015-Q2,13.684210526315791,Q2,Spring,Midwest,2015,10.3,3.7,0.2,2.5,2.3,2.4,2015
Indiana,8000.0,12500.0,1300.0,10.0,4900.0,4300.0,34.0,2015-Q2,10.4,Q2,Spring,Midwest,2015,15.4,1.8,7.0,0.5,4.4,2.0,2015
Iowa,12500.0,24000.0,1400.0,6.0,6500.0,3100.0,13.0,2015-Q2,5.833333333333333,Q2,Spring,Midwest,2015,21.5,5.1,2.9,7.8,2.7,1.9,2015
Kansas,6000.0,7000.0,670.0,10.0,2800.0,420.0,6.0,2015-Q2,9.571428571428571,Q2,Spring,Midwest,2015,14.4,2.4,0.9,0.1,3.5,4.9,2015
Kentucky,7500.0,8500.0,980.0,12.0,3600.0,1500.0,18.0,2015-Q2,11.529411764705882,Q2,Spring,South,2015,21.7,18.2,5.3,1.8,9.5,2.9,2015
Louisiana,44000.0,45000.0,1800.0,4.0,6500.0,8000.0,18.0,2015-Q2,4.0,Q2,Spring,South,2015,36.4,3.7,0.2,1.1,5.0,0.5,2015
Maine,4600.0,30000.0,3200.0,11.0,3500.0,700.0,2.0,2015-Q2,10.666666666666668,Q2,Spring,Northeast,2015,72.1,34.5,0.1,34.5,0.5,0.1,2015
Maryland,8000.0,11000.0,370.0,3.0,2600.0,710.0,7.0,2015-Q2,3.3636363636363638,Q2,Spring,South,2015,4.9,1.3,0.2,2.5,1.6,1.5,2015
Massachusetts,4100.0,14000.0,320.0,2.0,940.0,510.0,4.0,2015-Q2,2.2857142857142856,Q2,Spring,Northeast,2015,66.8,61.7,0.2,61.8,4.4,3.1,2015
Michigan,58000.0,88000.0,9500.0,11.0,13500.0,5500.0,6.0,2015-Q2,10.795454545454545,Q2,Spring,Midwest,2015,26.9,13.0,0.6,9.1,16.4,3.1,2015
Minnesota,71000.0,125000.0,12500.0,10.0,20000.0,21000.0,17.0,2015-Q2,10.0,Q2,Spring,Midwest,2015,25.4,6.2,1.4,16.5,10.1,9.3,2015
Mississippi,89000.0,89000.0,11000.0,12.0,5500.0,10000.0,11.0,2015-Q2,12.359550561797752,Q2,Spring,South,2015,10.1,6.0,0.3,0.1,2.3,1.7,2015
Missouri,11500.0,12500.0,500.0,4.0,1900.0,1800.0,14.0,2015-Q2,4.0,Q2,Spring,Midwest,2015,5.1,6.2,3.1,1.6,1.0,7.4,2015
Montana,36000.0,210000.0,4200.0,2.0,14000.0,33000.0,16.0,2015-Q2,2.0,Q2,Spring,West,2015,9.0,0.9,0.8,5.3,1.6,,2015
Nebraska,29000.0,68000.0,4100.0,6.0,15500.0,4600.0,7.0,2015-Q2,6.029411764705882,Q2,Spring,Midwest,2015,6.5,6.9,,1.4,2.1,1.5,2015
New Jersey,8500.0,19000.0,1800.0,10.0,2100.0,2900.0,15.0,2015-Q2,9.473684210526317,Q2,Spring,Northeast,2015,52.5,3.6,0.3,26.1,1.0,2.4,2015
New Mexico,6500.0,8500.0,1000.0,12.0,1500.0,330.0,4.0,2015-Q2,11.76470588235294,Q2,Spring,West,2015,38.8,,15.5,5.9,0.4,2.7,2015
New York,24000.0,34000.0,1100.0,3.0,11000.0,1500.0,4.0,2015-Q2,3.2352941176470593,Q2,Spring,Northeast,2015,19.1,12.5,4.5,4.4,3.3,1.1,2015
North Carolina,19500.0,23000.0,1800.0,8.0,5500.0,3300.0,14.0,2015-Q2,7.82608695652174,Q2,Spring,South,2015,51.0,14.3,0.3,3.5,5.8,3.0,2015
North Dakota,121000.0,450000.0,29000.0,6.0,39000.0,61000.0,14.0,2015-Q2,6.444444444444445,Q2,Spring,Midwest,2015,15.5,3.0,0.1,4.3,4.6,0.3,2015
Ohio,17500.0,19000.0,2100.0,11.0,10000.0,6000.0,32.0,2015-Q2,11.052631578947368,Q2,Spring,Midwest,2015,15.8,4.1,3.0,11.9,11.2,29.0,2015
Oklahoma,25000.0,27000.0,2200.0,8.0,5500.0,2200.0,8.0,2015-Q2,8.148148148148149,Q2,Spring,South,2015,66.1,6.3,,0.1,7.0,1.9,2015
Oregon,82000.0,95000.0,5500.0,6.0,14500.0,9500.0,10.0,2015-Q2,5.7894736842105265,Q2,Spring,West,2015,39.3,20.9,13.2,16.0,5.8,0.4,2015
Pennsylvania,15500.0,19000.0,1600.0,8.0,8500.0,2600.0,14.0,2015-Q2,8.421052631578947,Q2,Spring,Northeast,2015,11.4,5.8,2.6,1.6,6.7,2.1,2015
South Carolina,17500.0,18500.0,950.0,5.0,1100.0,2000.0,11.0,2015-Q2,5.135135135135135,Q2,Spring,South,2015,29.9,5.4,0.5,1.4,3.7,0.7,2015
South Dakota,100000.0,290000.0,21000.0,7.0,27000.0,23000.0,8.0,2015-Q2,7.241379310344828,Q2,Spring,Midwest,2015,9.8,11.1,1.8,2.0,1.4,1.5,2015
Tennessee,7500.0,7500.0,730.0,10.0,3600.0,920.0,12.0,2015-Q2,9.733333333333333,Q2,Spring,South,2015,47.8,26.3,1.8,9.8,2.6,3.0,2015
Texas,305000.0,315000.0,33000.0,11.0,76000.0,94000.0,30.0,2015-Q2,10.476190476190476,Q2,Spring,South,2015,19.3,22.9,2.5,6.6,7.4,3.0,2015
Utah,24000.0,27000.0,3400.0,13.0,10000.0,3900.0,14.0,2015-Q2,12.592592592592592,Q2,Spring,West,2015,27.2,10.8,1.5,12.3,5.6,1.2,2015
Vermont,6000.0,6000.0,100.0,2.0,580.0,50.0,1.0,2015-Q2,1.6666666666666667,Q2,Spring,Northeast,2015,3.7,1.9,0.1,,1.3,0.1,2015
Virginia,7500.0,7500.0,270.0,4.0,2100.0,430.0,6.0,2015-Q2,3.5999999999999996,Q2,Spring,South,2015,26.2,13.0,1.8,0.2,3.0,4.5,2015
Washington,105000.0,127000.0,5000.0,4.0,15000.0,13000.0,10.0,2015-Q2,3.937007874015748,Q2,Spring,West,2015,48.7,0.2,2.2,2.0,3.2,0.5,2015
West Virginia,4700.0,4700.0,570.0,12.0,2900.0,590.0,13.0,2015-Q2,12.127659574468085,Q2,Spring,South,2015,15.6,8.3,0.6,2.7,4.6,4.4,2015
Wisconsin,25000.0,65000.0,4600.0,7.0,10000.0,5500.0,9.0,2015-Q2,7.076923076923077,Q2,Spring,Midwest,2015,35.3,5.6,1.0,8.2,15.2,2.3,2015
Wyoming,12000.0,25000.0,3200.0,13.0,7500.0,5000.0,20.0,2015-Q2,12.8,Q2,Spring,West,2015,19.1,17.9,0.8,3.6,8.3,2.4,2015
Other,8600.0,11200.0,1940.0,17.0,4140.0,1960.0,18.0,2015-Q2,17.32142857142857,Q2,Spring,Other,2015,36.3,9.1,,,0.1,,2015
Alabama,8500.0,9000.0,1400.0,16.0,160.0,260.0,3.0,2015-Q3,15.555555555555555,Q3,Summer,South,2015,63.1,70.6,,2.6,2.2,17.7,2015
Arizona,40000.0,40000.0,6000.0,15.0,4300.0,15500.0,39.0,2015-Q3,15.0,Q3,Summer,West,2015,53.5,24.8,5.4,17.3,7.6,5.1,2015
Arkansas,23000.0,30000.0,9000.0,30.0,500.0,210.0,1.0,2015-Q3,30.0,Q3,Summer,South,2015,69.2,32.4,0.9,5.0,1.8,1.4,2015
California,730000.0,800000.0,76000.0,10.0,40000.0,93000.0,12.0,2015-Q3,9.5,Q3,Summer,West,2015,39.9,20.4,12.5,19.6,15.0,4.7,2015
Colorado,29000.0,30000.0,4500.0,15.0,1400.0,1400.0,5.0,2015-Q3,15.0,Q3,Summer,West,2015,50.5,1.5,2.7,16.5,3.7,2.7,2015
Connecticut,3700.0,3700.0,50.0,1.0,190.0,440.0,12.0,2015-Q3,1.3513513513513513,Q3,Summer,Northeast,2015,39.3,1.2,0.4,1.5,7.8,,2015
Florida,164000.0,220000.0,36000.0,16.0,37000.0,29000.0,13.0,2015-Q3,16.363636363636363,Q3,Summer,South,2015,39.5,21.7,6.7,22.9,21.9,3.4,2015
Georgia,108000.0,110000.0,13000.0,12.0,19500.0,15500.0,14.0,2015-Q3,11.818181818181818,Q3,Summer,South,2015,47.6,16.2,3.6,21.2,8.9,3.6,2015
Hawaii,14500.0,14500.0,2700.0,19.0,1200.0,5500.0,38.0,2015-Q3,18.620689655172416,Q3,Summer,West,2015,78.1,80.5,0.1,0.1,2.5,,2015
Idaho,80000.0,128000.0,14000.0,11.0,5500.0,11500.0,9.0,2015-Q3,10.9375,Q3,Summer,West,2015,46.8,5.2,1.7,10.0,2.2,6.4,2015
Illinois,14000.0,14000.0,1400.0,10.0,1300.0,1100.0,8.0,2015-Q3,10.0,Q3,Summer,Midwest,2015,7.7,3.0,0.6,0.4,3.4,1.0,2015
Indiana,15000.0,15000.0,1600.0,11.0,1400.0,420.0,3.0,2015-Q3,10.666666666666668,Q3,Summer,Midwest,2015,13.7,10.3,4.8,8.2,1.0,6.2,2015
Iowa,29000.0,37000.0,3000.0,8.0,640.0,680.0,2.0,2015-Q3,8.108108108108109,Q3,Summer,Midwest,2015,17.4,5.8,0.1,4.7,5.6,3.4,2015
Kansas,9000.0,9500.0,1000.0,11.0,100.0,160.0,2.0,2015-Q3,10.526315789473683,Q3,Summer,Midwest,2015,22.5,16.2,0.2,14.1,14.8,1.7,2015
Kentucky,10000.0,10000.0,1300.0,13.0,170.0,550.0,6.0,2015-Q3,13.0,Q3,Summer,South,2015,40.4,11.3,1.2,6.5,9.0,2.0,2015
Louisiana,50000.0,55000.0,2000.0,4.0,2300.0,1800.0,3.0,2015-Q3,3.6363636363636362,Q3,Summer,South,2015,25.9,2.3,,1.6,3.0,0.2,2015
Maine,6000.0,6000.0,450.0,8.0,410.0,140.0,2.0,2015-Q3,7.5,Q3,Summer,Northeast,2015,9.9,3.4,13.2,,2.6,7.8,2015
Maryland,7000.0,7500.0,680.0,9.0,730.0,70.0,1.0,2015-Q3,9.066666666666666,Q3,Summer,South,2015,26.9,19.1,2.9,22.8,7.1,2.0,2015
Massachusetts,7500.0,7500.0,560.0,8.0,290.0,400.0,5.0,2015-Q3,7.466666666666668,Q3,Summer,Northeast,2015,16.3,2.9,0.4,2.1,2.5,0.3,2015
Michigan,89000.0,89000.0,7000.0,8.0,3300.0,3800.0,4.0,2015-Q3,7.865168539325842,Q3,Summer,Midwest,2015,44.6,16.3,7.3,13.7,1.8,8.8,2015
Minnesota,133000.0,136000.0,32000.0,24.0,640.0,2300.0,2.0,2015-Q3,23.52941176470588,Q3,Summer,Midwest,2015,33.3,14.6,7.4,27.4,7.0,7.2,2015
Mississippi,23000.0,34000.0,3500.0,10.0,260.0,110.0,,2015-Q3,10.294117647058822,Q3,Summer,South,2015,45.5,2.2,,1.1,3.8,1.4,2015
Missouri,14000.0,14000.0,1200.0,9.0,700.0,630.0,5.0,2015-Q3,8.571428571428571,Q3,Summer,Midwest,2015,11.1,11.7,3.0,2.0,2.1,1.4,2015
Montana,140000.0,156000.0,10500.0,7.0,3200.0,10000.0,6.0,2015-Q3,6.730769230769231,Q3,Summer,West,2015,52.5,16.4,10.7,2.3,6.4,5.3,2015
Nebraska,67000.0,77000.0,6000.0,8.0,500.0,6000.0,8.0,2015-Q3,7.792207792207792,Q3,Summer,Midwest,2015,33.2,10.3,10.9,13.2,4.6,4.3,2015
New Jersey,18500.0,18500.0,210.0,1.0,190.0,500.0,3.0,2015-Q3,1.135135135135135,Q3,Summer,Northeast,2015,7.2,1.0,0.1,,1.1,0.7,2015
New Mexico,6500.0,6500.0,1600.0,25.0,1300.0,650.0,10.0,2015-Q3,24.615384615384617,Q3,Summer,West,2015,61.2,55.0,55.0,58.0,55.5,0.7,2015
New York,44000.0,47000.0,6500.0,14.0,4400.0,7000.0,15.0,2015-Q3,13.829787234042554,Q3,Summer,Northeast,2015,40.0,14.3,5.7,17.1,8.8,1.5,2015
North Carolina,24000.0,24000.0,2900.0,12.0,2500.0,1100.0,5.0,2015-Q3,12.083333333333334,Q3,Summer,South,2015,33.9,27.9,0.7,7.5,5.7,8.5,2015
North Dakota,460000.0,500000.0,93000.0,19.0,11000.0,22000.0,4.0,2015-Q3,18.6,Q3,Summer,Midwest,2015,33.8,15.5,8.1,12.3,4.1,3.7,2015
Ohio,23000.0,23000.0,1900.0,8.0,2300.0,880.0,4.0,2015-Q3,8.26086956521739,Q3,Summer,Midwest,2015,30.7,8.0,0.6,23.4,1.6,1.7,2015
Oklahoma,19500.0,22000.0,230.0,1.0,160.0,190.0,1.0,2015-Q3,1.0454545454545454,Q3,Summer,South,2015,1.6,2.3,0.1,0.1,0.6,0.4,2015
Oregon,68000.0,100000.0,8500.0,9.0,8000.0,21000.0,21.0,2015-Q3,8.5,Q3,Summer,West,2015,56.0,20.8,5.2,3.1,4.8,3.8,2015
Pennsylvania,25000.0,25000.0,1800.0,7.0,1800.0,2400.0,10.0,2015-Q3,7.199999999999999,Q3,Summer,Northeast,2015,45.1,11.3,3.7,5.1,7.2,0.8,2015
South Carolina,12000.0,12000.0,2000.0,17.0,880.0,580.0,5.0,2015-Q3,16.666666666666664,Q3,Summer,South,2015,58.4,31.0,18.3,14.7,3.9,3.0,2015
South Dakota,295000.0,295000.0,53000.0,18.0,2100.0,13000.0,4.0,2015-Q3,17.966101694915253,Q3,Summer,Midwest,2015,22.0,7.3,2.0,7.1,1.9,5.7,2015
Tennessee,10000.0,10000.0,1200.0,12.0,500.0,350.0,4.0,2015-Q3,12.0,Q3,Summer,South,2015,50.8,38.4,0.5,4.8,2.2,1.0,2015
Texas,76000.0,136000.0,16500.0,12.0,5500.0,4800.0,4.0,2015-Q3,12.132352941176471,Q3,Summer,South,2015,30.7,26.0,1.3,19.4,4.7,5.2,2015
Utah,31000.0,36000.0,8000.0,22.0,1400.0,2200.0,6.0,2015-Q3,22.22222222222222,Q3,Summer,West,2015,40.1,25.0,41.6,33.6,3.6,0.1,2015
Vermont,6000.0,6500.0,40.0,1.0,30.0,20.0,,2015-Q3,0.6153846153846154,Q3,Summer,Northeast,2015,22.7,0.5,,,0.4,,2015
Virginia,8000.0,8000.0,680.0,9.0,520.0,220.0,3.0,2015-Q3,8.5,Q3,Summer,South,2015,29.0,14.2,1.3,3.7,3.5,8.9,2015
Washington,84000.0,97000.0,11500.0,12.0,1800.0,20000.0,21.0,2015-Q3,11.855670103092782,Q3,Summer,West,2015,45.6,3.7,2.3,1.4,3.8,0.3,2015
West Virginia,7000.0,7000.0,300.0,4.0,300.0,270.0,4.0,2015-Q3,4.285714285714286,Q3,Summer,South,2015,21.7,5.3,1.0,1.5,3.0,1.1,2015
Wisconsin,60000.0,62000.0,9000.0,15.0,1300.0,4300.0,7.0,2015-Q3,14.516129032258066,Q3,Summer,Midwest,2015,47.3,20.1,8.3,20.9,12.6,13.5,2015
Wyoming,29000.0,35000.0,2500.0,7.0,270.0,440.0,1.0,2015-Q3,7.142857142857142,Q3,Summer,West,2015,28.5,11.0,6.4,3.4,2.0,0.4,2015
Other,12180.0,12280.0,900.0,7.0,1050.0,700.0,6.0,2015-Q3,7.32899022801303,Q3,Summer,Other,2015,8.8,0.2,,0.4,0.7,0.2,2015
Alabama,8000.0,8000.0,610.0,8.0,80.0,60.0,1.0,2015-Q4,7.625,Q4,Fall,South,2015,3.1,6.4,0.2,0.2,2.8,1.9,2015
Arizona,36000.0,39000.0,12000.0,31.0,3000.0,16000.0,41.0,2015-Q4,30.76923076923077,Q4,Fall,West,2015,50.1,1.7,1.1,3.5,0.5,15.5,2015
Arkansas,23000.0,27000.0,2400.0,9.0,1900.0,0.0,0.0,2015-Q4,8.88888888888889,Q4,Fall,South,2015,38.1,9.7,0.1,8.2,8.5,0.6,2015
California,750000.0,1260000.0,149000.0,12.0,39000.0,75000.0,6.0,2015-Q4,11.825396825396824,Q4,Fall,West,2015,37.3,12.7,6.2,11.7,10.5,7.3,2015
Colorado,24000.0,24000.0,2500.0,10.0,3400.0,0.0,0.0,2015-Q4,10.416666666666668,Q4,Fall,West,2015,47.6,24.4,21.2,19.7,8.4,1.8,2015
Connecticut,3200.0,3200.0,210.0,7.0,40.0,70.0,2.0,2015-Q4,6.5625,Q4,Fall,Northeast,2015,10.5,1.7,0.5,1.1,3.4,2.0,2015
Florida,220000.0,260000.0,37000.0,14.0,30000.0,28000.0,11.0,2015-Q4,14.23076923076923,Q4,Fall,South,2015,27.3,18.4,2.5,6.8,3.0,4.2,2015
Georgia,110000.0,121000.0,18000.0,15.0,4400.0,1900.0,2.0,2015-Q4,14.87603305785124,Q4,Fall,South,2015,43.5,13.9,5.3,4.5,3.7,1.3,2015
Hawaii,13000.0,13000.0,690.0,5.0,2700.0,760.0,6.0,2015-Q4,5.3076923076923075,Q4,Fall,West,2015,31.0,33.9,0.2,,,,2015
Idaho,121000.0,145000.0,22000.0,15.0,5500.0,5500.0,4.0,2015-Q4,15.172413793103448,Q4,Fall,West,2015,38.9,0.6,4.3,4.0,2.8,4.5,2015
Illinois,14000.0,14000.0,690.0,5.0,0.0,30.0,,2015-Q4,4.928571428571429,Q4,Fall,Midwest,2015,9.4,2.5,0.3,0.9,1.0,3.1,2015
Indiana,11500.0,11500.0,1100.0,10.0,140.0,0.0,0.0,2015-Q4,9.565217391304348,Q4,Fall,Midwest,2015,15.1,0.5,6.3,0.1,0.6,3.7,2015
Iowa,35000.0,35000.0,4300.0,12.0,40.0,30.0,,2015-Q4,12.285714285714286,Q4,Fall,Midwest,2015,53.4,0.9,0.6,6.4,24.8,1.4,2015
Kansas,8500.0,8500.0,3400.0,40.0,50.0,20.0,,2015-Q4,40.0,Q4,Fall,Midwest,2015,44.5,24.8,0.2,25.1,33.9,19.0,2015
Kentucky,8500.0,8500.0,1100.0,13.0,20.0,10.0,,2015-Q4,12.941176470588237,Q4,Fall,South,2015,22.2,14.8,0.4,9.8,7.2,1.7,2015
Louisiana,55000.0,71000.0,4900.0,7.0,1100.0,2400.0,3.0,2015-Q4,6.901408450704226,Q4,Fall,South,2015,10.9,1.0,,0.6,2.4,0.2,2015
Maine,4700.0,4700.0,60.0,1.0,530.0,20.0,,2015-Q4,1.276595744680851,Q4,Fall,Northeast,2015,18.0,0.2,,,0.1,0.4,2015
Maryland,7500.0,9500.0,730.0,8.0,0.0,0.0,0.0,2015-Q4,7.684210526315789,Q4,Fall,South,2015,5.6,2.0,0.1,,0.2,4.3,2015
Massachusetts,4500.0,4500.0,260.0,6.0,30.0,30.0,1.0,2015-Q4,5.777777777777778,Q4,Fall,Northeast,2015,31.4,1.6,6.2,1.9,2.6,1.1,2015
Michigan,67000.0,73000.0,9000.0,12.0,210.0,1600.0,2.0,2015-Q4,12.32876712328767,Q4,Fall,Midwest,2015,30.2,4.1,,4.1,3.2,3.7,2015
Minnesota,104000.0,105000.0,10000.0,10.0,600.0,40.0,,2015-Q4,9.523809523809524,Q4,Fall,Midwest,2015,43.6,8.7,8.4,25.0,3.8,8.9,2015
Mississippi,31000.0,34000.0,1500.0,4.0,500.0,230.0,1.0,2015-Q4,4.411764705882353,Q4,Fall,South,2015,10.6,2.5,0.3,,0.7,1.3,2015
Missouri,13500.0,13500.0,690.0,5.0,30.0,40.0,,2015-Q4,5.111111111111112,Q4,Fall,Midwest,2015,2.8,6.0,3.3,0.1,0.8,1.5,2015
Montana,116000.0,123000.0,10000.0,8.0,1000.0,80.0,,2015-Q4,8.130081300813007,Q4,Fall,West,2015,35.5,19.8,14.4,11.4,3.2,13.9,2015
Nebraska,72000.0,73000.0,7000.0,10.0,10.0,5500.0,8.0,2015-Q4,9.58904109589041,Q4,Fall,Midwest,2015,15.5,,0.2,0.3,0.4,1.7,2015
New Jersey,8000.0,8500.0,270.0,3.0,20.0,10.0,,2015-Q4,3.176470588235294,Q4,Fall,Northeast,2015,7.7,2.2,,0.4,0.4,1.2,2015
New Mexico,6000.0,6000.0,290.0,5.0,290.0,30.0,1.0,2015-Q4,4.833333333333333,Q4,Fall,West,2015,30.9,0.3,0.2,8.4,0.6,1.7,2015
New York,45000.0,45000.0,4000.0,9.0,260.0,10.0,,2015-Q4,8.88888888888889,Q4,Fall,Northeast,2015,24.5,2.2,0.8,0.9,0.4,6.2,2015
North Carolina,22000.0,22000.0,2200.0,10.0,510.0,70.0,,2015-Q4,10.0,Q4,Fall,South,2015,9.6,3.4,0.5,0.4,5.4,3.4,2015
North Dakota,230000.0,275000.0,35000.0,13.0,2700.0,9000.0,3.0,2015-Q4,12.727272727272727,Q4,Fall,Midwest,2015,10.8,2.3,1.8,1.5,3.7,2.1,2015
Ohio,19000.0,19000.0,2400.0,13.0,200.0,140.0,1.0,2015-Q4,12.631578947368421,Q4,Fall,Midwest,2015,36.3,8.8,2.0,7.3,14.5,2.1,2015
Oklahoma,5000.0,10000.0,650.0,7.0,290.0,60.0,1.0,2015-Q4,6.5,Q4,Fall,South,2015,2.8,4.5,0.1,0.1,1.3,2.5,2015
Oregon,100000.0,114000.0,8500.0,8.0,200.0,1400.0,1.0,2015-Q4,7.456140350877193,Q4,Fall,West,2015,16.4,1.3,1.5,1.5,1.7,1.5,2015
Pennsylvania,22000.0,23000.0,2500.0,11.0,1300.0,6500.0,28.0,2015-Q4,10.869565217391305,Q4,Fall,Northeast,2015,32.2,4.3,1.0,0.3,0.8,1.0,2015
South Carolina,10000.0,17500.0,2200.0,13.0,640.0,1000.0,6.0,2015-Q4,12.571428571428573,Q4,Fall,South,2015,14.2,2.9,0.4,1.7,5.8,,2015
South Dakota,194000.0,205000.0,9000.0,4.0,2400.0,0.0,0.0,2015-Q4,4.390243902439024,Q4,Fall,Midwest,2015,16.8,3.0,1.9,7.1,2.4,4.1,2015
Tennessee,8500.0,10000.0,1100.0,11.0,70.0,420.0,4.0,2015-Q4,11.0,Q4,Fall,South,2015,43.6,28.3,,4.6,7.1,3.6,2015
Texas,125000.0,250000.0,25000.0,10.0,13000.0,2000.0,1.0,2015-Q4,10.0,Q4,Fall,South,2015,20.9,8.7,2.7,5.4,2.2,8.0,2015
Utah,28000.0,28000.0,1900.0,7.0,120.0,100.0,,2015-Q4,6.785714285714286,Q4,Fall,West,2015,75.8,9.1,6.4,0.2,4.4,0.4,2015
Vermont,6500.0,6500.0,940.0,15.0,10.0,10.0,,2015-Q4,14.461538461538462,Q4,Fall,Northeast,2015,57.1,16.8,0.9,0.6,0.4,15.6,2015
Virginia,7500.0,7500.0,750.0,10.0,0.0,350.0,5.0,2015-Q4,10.0,Q4,Fall,South,2015,26.3,17.2,0.4,,5.8,10.4,2015
Washington,87000.0,89000.0,6500.0,7.0,330.0,170.0,,2015-Q4,7.303370786516854,Q4,Fall,West,2015,6.9,0.1,0.1,0.3,3.0,1.5,2015
West Virginia,7000.0,7000.0,610.0,9.0,190.0,140.0,2.0,2015-Q4,8.714285714285715,Q4,Fall,South,2015,18.8,4.5,1.3,3.0,8.2,0.6,2015
Wisconsin,48000.0,48000.0,6500.0,14.0,210.0,10.0,,2015-Q4,13.541666666666666,Q4,Fall,Midwest,2015,49.4,15.6,2.5,21.9,6.6,21.4,2015
Wyoming,24000.0,25000.0,1300.0,5.0,30.0,0.0,0.0,2015-Q4,5.2,Q4,Fall,West,2015,45.0,3.3,6.6,10.5,11.3,3.9,2015
Other,11360.0,12560.0,1630.0,13.0,100.0,50.0,,2015-Q4,12.977707006369426,Q4,Fall,Other,2015,8.2,,,,,8.0,2015
Alabama,7500.0,7500.0,1700.0,23.0,2100.0,90.0,1.0,2016-Q1,22.666666666666664,Q1,Winter,South,2016,24.2,22.0,4.3,8.1,2.4,11.3,2016
Arizona,30000.0,30000.0,4700.0,16.0,3500.0,150.0,1.0,2016-Q1,15.666666666666668,Q1,Winter,West,2016,33.8,2.8,0.0,7.7,6.5,7.2,2016
Arkansas,27000.0,27000.0,5000.0,19.0,5000.0,1100.0,4.0,2016-Q1,18.51851851851852,Q1,Winter,South,2016,57.4,6.9,,0.5,1.9,8.1,2016
California,1130000.0,1410000.0,200000.0,14.0,210000.0,139000.0,10.0,2016-Q1,14.184397163120568,Q1,Winter,West,2016,38.1,15.2,9.0,13.5,8.4,4.4,2016
Colorado,5000.0,8500.0,750.0,9.0,1700.0,10.0,,2016-Q1,8.823529411764707,Q1,Winter,West,2016,2.9,4.1,0.5,0.2,2.7,0.2,2016
Connecticut,2700.0,2700.0,270.0,10.0,70.0,10.0,,2016-Q1,10.0,Q1,Winter,Northeast,2016,12.3,0.8,0.2,0.0,7.7,1.7,2016
Florida,275000.0,295000.0,40000.0,14.0,49000.0,15500.0,5.0,2016-Q1,13.559322033898304,Q1,Winter,South,2016,23.6,5.8,0.4,4.9,1.8,1.4,2016
Georgia,100000.0,100000.0,15500.0,16.0,36000.0,3200.0,3.0,2016-Q1,15.5,Q1,Winter,South,2016,32.3,7.8,2.1,21.4,3.2,3.9,2016
Hawaii,15000.0,15000.0,280.0,2.0,570.0,530.0,4.0,2016-Q1,1.866666666666667,Q1,Winter,West,2016,0.3,1.5,0.0,0.1,0.8,,2016
Idaho,91000.0,98000.0,8500.0,9.0,5500.0,3300.0,3.0,2016-Q1,8.673469387755102,Q1,Winter,West,2016,31.5,2.3,2.1,5.9,5.4,1.4,2016
Illinois,8500.0,9500.0,1400.0,15.0,860.0,40.0,,2016-Q1,14.736842105263156,Q1,Winter,Midwest,2016,12.4,6.4,0.3,2.6,4.6,8.6,2016
Indiana,6500.0,6500.0,770.0,12.0,30.0,0.0,0.0,2016-Q1,11.846153846153847,Q1,Winter,Midwest,2016,17.4,3.7,0.9,0.3,7.2,5.5,2016
Iowa,13000.0,13000.0,2900.0,22.0,90.0,0.0,0.0,2016-Q1,22.30769230769231,Q1,Winter,Midwest,2016,52.8,14.4,13.8,2.7,24.0,4.8,2016
Kansas,5000.0,5000.0,1100.0,22.0,1400.0,100.0,2.0,2016-Q1,22.0,Q1,Winter,Midwest,2016,30.3,10.0,0.1,1.1,2.4,5.4,2016
Kentucky,6500.0,6500.0,1300.0,20.0,390.0,40.0,1.0,2016-Q1,20.0,Q1,Winter,South,2016,23.6,9.0,0.7,6.3,12.5,8.4,2016
Louisiana,54000.0,55000.0,11000.0,20.0,9500.0,2600.0,5.0,2016-Q1,20.0,Q1,Winter,South,2016,22.8,14.2,18.6,0.4,12.4,1.9,2016
Maine,2200.0,3700.0,170.0,5.0,0.0,0.0,0.0,2016-Q1,4.594594594594595,Q1,Winter,Northeast,2016,3.3,0.4,0.3,0.0,0.8,1.4,2016
Maryland,7500.0,7500.0,820.0,11.0,1200.0,10.0,,2016-Q1,10.933333333333334,Q1,Winter,South,2016,26.2,0.1,0.0,9.5,6.7,0.7,2016
Massachusetts,3000.0,3000.0,370.0,12.0,1200.0,140.0,5.0,2016-Q1,12.333333333333334,Q1,Winter,Northeast,2016,10.1,5.2,0.7,0.0,3.1,1.1,2016
Michigan,25000.0,42000.0,5000.0,12.0,2300.0,80.0,,2016-Q1,11.904761904761903,Q1,Winter,Midwest,2016,5.9,0.2,,0.5,1.3,11.3,2016
Minnesota,36000.0,38000.0,5500.0,14.0,6000.0,0.0,0.0,2016-Q1,14.473684210526317,Q1,Winter,Midwest,2016,12.1,7.0,0.2,11.6,8.0,14.5,2016
Mississippi,21000.0,50000.0,7500.0,15.0,48000.0,25000.0,50.0,2016-Q1,15.0,Q1,Winter,South,2016,13.8,1.6,,3.2,0.3,14.5,2016
Missouri,10000.0,10000.0,1300.0,13.0,5500.0,420.0,4.0,2016-Q1,13.0,Q1,Winter,Midwest,2016,20.2,7.0,0.4,6.2,4.5,7.3,2016
Montana,16500.0,65000.0,900.0,1.0,24000.0,0.0,0.0,2016-Q1,1.3846153846153846,Q1,Winter,West,2016,0.6,,0.0,0.5,0.1,0.0,2016
Nebraska,11000.0,20000.0,720.0,4.0,510.0,0.0,0.0,2016-Q1,3.5999999999999996,Q1,Winter,Midwest,2016,1.8,0.4,0.1,0.2,0.8,0.6,2016
New Jersey,6000.0,6000.0,1000.0,17.0,80.0,20.0,0.0,2016-Q1,16.666666666666664,Q1,Winter,Northeast,2016,8.0,1.1,0.2,0.6,1.7,12.0,2016
New Mexico,6000.0,6500.0,1700.0,26.0,1400.0,30.0,1.0,2016-Q1,26.153846153846157,Q1,Winter,West,2016,69.0,0.4,31.5,0.0,1.5,0.3,2016
New York,31000.0,33000.0,4200.0,13.0,970.0,600.0,2.0,2016-Q1,12.727272727272727,Q1,Winter,Northeast,2016,27.5,5.9,1.5,7.6,9.5,2.6,2016
North Carolina,18500.0,24000.0,2600.0,11.0,1100.0,230.0,1.0,2016-Q1,10.833333333333334,Q1,Winter,South,2016,9.5,2.5,1.9,2.7,4.0,2.4,2016
North Dakota,89000.0,137000.0,8500.0,6.0,4600.0,0.0,0.0,2016-Q1,6.204379562043796,Q1,Winter,Midwest,2016,2.7,0.0,0.0,0.0,0.1,11.7,2016
Ohio,16500.0,16500.0,2900.0,18.0,760.0,50.0,,2016-Q1,17.575757575757574,Q1,Winter,Midwest,2016,41.6,4.3,0.2,1.3,10.2,5.3,2016
Oklahoma,13500.0,13500.0,3300.0,24.0,4800.0,570.0,4.0,2016-Q1,24.444444444444443,Q1,Winter,South,2016,4.9,1.2,,0.3,0.9,21.0,2016
Oregon,68000.0,92000.0,2900.0,3.0,3800.0,1300.0,1.0,2016-Q1,3.152173913043478,Q1,Winter,West,2016,20.4,15.0,5.3,,2.4,0.3,2016
Pennsylvania,12500.0,12500.0,2900.0,23.0,480.0,170.0,1.0,2016-Q1,23.200000000000003,Q1,Winter,Northeast,2016,44.8,4.3,0.3,3.8,5.5,4.6,2016
South Carolina,16500.0,16500.0,3500.0,21.0,3200.0,380.0,2.0,2016-Q1,21.21212121212121,Q1,Winter,South,2016,10.7,2.3,0.6,2.0,5.1,4.8,2016
South Dakota,47000.0,79000.0,10500.0,13.0,1600.0,0.0,0.0,2016-Q1,13.291139240506327,Q1,Winter,Midwest,2016,0.2,,,0.0,0.5,0.3,2016
Tennessee,9000.0,9000.0,1700.0,19.0,180.0,70.0,1.0,2016-Q1,18.88888888888889,Q1,Winter,South,2016,19.7,7.1,0.2,3.7,10.1,10.9,2016
Texas,240000.0,320000.0,30000.0,9.0,126000.0,49000.0,15.0,2016-Q1,9.375,Q1,Winter,South,2016,19.4,9.8,2.3,9.4,3.7,2.5,2016
Utah,12000.0,14500.0,1900.0,13.0,1400.0,50.0,,2016-Q1,13.10344827586207,Q1,Winter,West,2016,26.2,7.0,0.1,0.4,1.6,0.5,2016
Vermont,5500.0,5500.0,410.0,7.0,0.0,0.0,0.0,2016-Q1,7.454545454545454,Q1,Winter,Northeast,2016,1.3,0.0,0.3,0.0,0.5,1.7,2016
Virginia,6500.0,6500.0,1100.0,17.0,560.0,70.0,1.0,2016-Q1,16.923076923076923,Q1,Winter,South,2016,32.7,7.3,0.0,0.4,5.0,3.8,2016
Washington,77000.0,146000.0,13500.0,9.0,5500.0,1200.0,1.0,2016-Q1,9.246575342465754,Q1,Winter,West,2016,23.3,10.5,1.3,1.7,1.9,5.1,2016
West Virginia,6500.0,8000.0,1700.0,21.0,0.0,0.0,0.0,2016-Q1,21.25,Q1,Winter,South,2016,21.9,2.9,1.1,0.6,6.9,6.5,2016
Wisconsin,20000.0,21000.0,3100.0,15.0,530.0,0.0,0.0,2016-Q1,14.761904761904763,Q1,Winter,Midwest,2016,24.2,1.6,1.1,13.4,10.8,10.4,2016
Wyoming,2700.0,6500.0,340.0,5.0,440.0,0.0,0.0,2016-Q1,5.230769230769231,Q1,Winter,West,2016,,0.4,0.2,2.5,0.8,1.3,2016
Other,7340.0,7940.0,900.0,11.0,60.0,0.0,0.0,2016-Q1,11.335012594458437,Q1,Winter,Other,2016,5.5,2.3,0.5,2.1,8.6,0.1,2016
Alabama,8000.0,8000.0,930.0,12.0,1200.0,690.0,9.0,2016-Q2,11.625,Q2,Spring,South,2016,9.6,8.2,0.3,1.7,4.8,5.4,2016
Arizona,22000.0,23000.0,3700.0,16.0,14000.0,1600.0,7.0,2016-Q2,16.08695652173913,Q2,Spring,West,2016,26.8,47.5,17.2,12.0,17.4,3.5,2016
Arkansas,24000.0,24000.0,3400.0,14.0,12000.0,1600.0,7.0,2016-Q2,14.166666666666666,Q2,Spring,South,2016,84.9,8.5,5.5,0.1,3.4,1.6,2016
California,1110000.0,1150000.0,108000.0,9.0,240000.0,185000.0,16.0,2016-Q2,9.391304347826086,Q2,Spring,West,2016,49.7,14.1,11.2,14.2,15.3,2.6,2016
Colorado,9500.0,29000.0,1800.0,6.0,9000.0,680.0,2.0,2016-Q2,6.206896551724138,Q2,Spring,West,2016,38.7,0.8,3.3,1.4,2.6,0.3,2016
Connecticut,2500.0,2500.0,100.0,4.0,390.0,60.0,2.0,2016-Q2,4.0,Q2,Spring,Northeast,2016,9.3,0.6,0.5,0.3,4.4,1.2,2016
Florida,240000.0,240000.0,29000.0,12.0,43000.0,21000.0,9.0,2016-Q2,12.083333333333334,Q2,Spring,South,2016,48.2,23.3,10.0,11.6,10.1,2.0,2016
Georgia,108000.0,111000.0,11000.0,10.0,17500.0,3600.0,3.0,2016-Q2,9.90990990990991,Q2,Spring,South,2016,59.3,28.4,2.0,28.4,11.7,2.7,2016
Hawaii,13500.0,13500.0,830.0,6.0,870.0,0.0,0.0,2016-Q2,6.148148148148149,Q2,Spring,West,2016,35.6,38.1,,0.6,3.2,0.0,2016
Idaho,60000.0,80000.0,6000.0,8.0,19000.0,5500.0,7.0,2016-Q2,7.5,Q2,Spring,West,2016,21.2,4.8,2.7,3.1,5.4,2.7,2016
Illinois,9000.0,9000.0,740.0,8.0,2200.0,380.0,4.0,2016-Q2,8.222222222222223,Q2,Spring,Midwest,2016,11.4,4.4,2.0,3.1,4.7,2.1,2016
Indiana,4300.0,7000.0,220.0,3.0,2700.0,900.0,13.0,2016-Q2,3.1428571428571432,Q2,Spring,Midwest,2016,12.5,2.9,,2.1,2.8,4.3,2016
Iowa,10500.0,26000.0,2400.0,9.0,26000.0,760.0,3.0,2016-Q2,9.230769230769232,Q2,Spring,Midwest,2016,23.5,17.8,18.7,0.6,6.0,5.7,2016
Kansas,4700.0,6000.0,960.0,16.0,3000.0,900.0,15.0,2016-Q2,16.0,Q2,Spring,Midwest,2016,47.3,11.6,2.8,8.3,3.7,1.8,2016
Kentucky,5500.0,6000.0,450.0,8.0,2100.0,270.0,5.0,2016-Q2,7.5,Q2,Spring,South,2016,38.9,36.1,1.7,28.4,16.0,3.8,2016
Louisiana,52000.0,53000.0,4300.0,8.0,10000.0,9500.0,18.0,2016-Q2,8.11320754716981,Q2,Spring,South,2016,20.7,1.1,0.0,0.3,1.2,0.6,2016
Maine,3600.0,25000.0,4200.0,17.0,510.0,560.0,2.0,2016-Q2,16.8,Q2,Spring,Northeast,2016,82.7,0.0,4.3,31.1,2.4,27.9,2016
Maryland,8000.0,9000.0,320.0,4.0,2800.0,400.0,4.0,2016-Q2,3.5555555555555554,Q2,Spring,South,2016,4.2,2.3,2.4,2.9,3.3,0.6,2016
Massachusetts,4200.0,8500.0,300.0,4.0,1100.0,440.0,5.0,2016-Q2,3.5294117647058822,Q2,Spring,Northeast,2016,40.5,10.6,0.3,10.6,2.3,11.9,2016
Michigan,40000.0,103000.0,7500.0,7.0,13500.0,3200.0,3.0,2016-Q2,7.281553398058252,Q2,Spring,Midwest,2016,54.1,9.3,1.1,16.5,11.8,1.1,2016
Minnesota,27000.0,126000.0,13000.0,10.0,24000.0,4200.0,3.0,2016-Q2,10.317460317460316,Q2,Spring,Midwest,2016,20.8,6.0,6.5,18.2,8.6,7.6,2016
Mississippi,85000.0,90000.0,3700.0,4.0,9000.0,61000.0,68.0,2016-Q2,4.111111111111112,Q2,Spring,South,2016,12.3,2.3,1.2,2.7,1.2,0.1,2016
Missouri,12000.0,12500.0,770.0,6.0,1800.0,730.0,6.0,2016-Q2,6.16,Q2,Spring,Midwest,2016,17.2,1.6,0.7,0.1,1.6,1.2,2016
Montana,62000.0,157000.0,7000.0,4.0,25000.0,13500.0,9.0,2016-Q2,4.45859872611465,Q2,Spring,West,2016,30.3,7.1,4.5,3.9,6.9,0.2,2016
Nebraska,19500.0,43000.0,6000.0,14.0,8000.0,28000.0,65.0,2016-Q2,13.953488372093023,Q2,Spring,Midwest,2016,6.1,0.1,1.0,3.8,1.1,3.5,2016
New Jersey,4200.0,18000.0,1500.0,8.0,1900.0,110.0,1.0,2016-Q2,8.333333333333332,Q2,Spring,Northeast,2016,11.9,0.9,0.2,,0.2,0.3,2016
New Mexico,6500.0,6500.0,1400.0,22.0,2700.0,100.0,2.0,2016-Q2,21.53846153846154,Q2,Spring,West,2016,59.1,0.3,12.1,2.5,8.2,0.0,2016
New York,31000.0,46000.0,4000.0,9.0,13500.0,1500.0,3.0,2016-Q2,8.695652173913043,Q2,Spring,Northeast,2016,20.4,3.1,0.9,11.7,4.1,3.8,2016
North Carolina,23000.0,24000.0,1600.0,7.0,10000.0,550.0,2.0,2016-Q2,6.666666666666667,Q2,Spring,South,2016,51.8,23.5,4.7,33.8,8.3,41.7,2016
North Dakota,110000.0,530000.0,27000.0,5.0,23000.0,95000.0,18.0,2016-Q2,5.09433962264151,Q2,Spring,Midwest,2016,16.2,3.7,2.1,1.1,3.6,0.2,2016
Ohio,14000.0,16500.0,1700.0,10.0,6000.0,1100.0,7.0,2016-Q2,10.303030303030303,Q2,Spring,Midwest,2016,10.6,2.2,0.6,18.3,2.9,1.4,2016
Oklahoma,12000.0,13000.0,310.0,2.0,4000.0,10000.0,77.0,2016-Q2,2.3846153846153846,Q2,Spring,South,2016,51.8,2.8,0.2,1.2,0.6,0.4,2016
Oregon,77000.0,132000.0,4300.0,3.0,19000.0,16000.0,12.0,2016-Q2,3.257575757575758,Q2,Spring,West,2016,52.7,14.5,9.9,2.6,16.7,6.0,2016
Pennsylvania,11000.0,14000.0,1300.0,9.0,6500.0,1100.0,8.0,2016-Q2,9.285714285714286,Q2,Spring,Northeast,2016,18.7,3.9,2.4,3.6,4.6,0.9,2016
South Carolina,12500.0,13500.0,1300.0,10.0,2200.0,410.0,3.0,2016-Q2,9.62962962962963,Q2,Spring,South,2016,51.3,36.6,1.0,35.8,14.3,1.3,2016
South Dakota,51000.0,182000.0,11000.0,6.0,15000.0,13000.0,7.0,2016-Q2,6.043956043956044,Q2,Spring,Midwest,2016,32.4,6.6,1.7,5.1,15.4,0.1,2016
Tennessee,8000.0,8000.0,580.0,7.0,3900.0,200.0,3.0,2016-Q2,7.249999999999999,Q2,Spring,South,2016,40.9,22.7,0.1,0.4,9.1,2.6,2016
Texas,340000.0,350000.0,36000.0,10.0,74000.0,54000.0,15.0,2016-Q2,10.285714285714285,Q2,Spring,South,2016,26.1,9.0,7.5,2.4,7.4,3.7,2016
Utah,14500.0,25000.0,4800.0,19.0,12000.0,7000.0,28.0,2016-Q2,19.2,Q2,Spring,West,2016,23.0,0.1,1.8,7.3,3.4,0.8,2016
Virginia,6000.0,6500.0,230.0,4.0,2200.0,480.0,7.0,2016-Q2,3.5384615384615383,Q2,Spring,South,2016,23.1,4.2,6.8,6.0,7.3,2.9,2016
Washington,91000.0,143000.0,6000.0,4.0,21000.0,11500.0,8.0,2016-Q2,4.195804195804196,Q2,Spring,West,2016,40.9,11.4,3.3,3.1,11.1,0.6,2016
West Virginia,7000.0,7000.0,990.0,14.0,2600.0,160.0,2.0,2016-Q2,14.142857142857142,Q2,Spring,South,2016,20.1,0.8,4.2,0.0,14.7,0.7,2016
Wisconsin,18500.0,78000.0,5500.0,7.0,17500.0,3600.0,5.0,2016-Q2,7.051282051282051,Q2,Spring,Midwest,2016,23.4,3.7,12.8,12.6,14.9,10.5,2016
Wyoming,6500.0,27000.0,2600.0,10.0,7500.0,580.0,2.0,2016-Q2,9.62962962962963,Q2,Spring,West,2016,7.1,2.6,1.2,0.6,2.5,0.8,2016
Other,7970.0,15530.0,1070.0,7.0,3270.0,270.0,2.0,2016-Q2,6.889890534449453,Q2,Spring,Other,2016,7.6,0.2,0.0,0.8,0.6,5.4,2016
Alabama,8000.0,8000.0,1200.0,15.0,440.0,50.0,1.0,2016-Q3,15.0,Q3,Summer,South,2016,11.7,42.0,,3.8,3.2,13.8,2016
Arizona,30000.0,32000.0,6000.0,19.0,3200.0,2600.0,8.0,2016-Q3,18.75,Q3,Summer,West,2016,41.7,1.0,0.9,13.5,13.4,8.9,2016
Arkansas,32000.0,32000.0,1500.0,5.0,270.0,60.0,,2016-Q3,4.6875,Q3,Summer,South,2016,80.7,9.0,0.4,7.9,2.7,0.3,2016
California,740000.0,820000.0,82000.0,10.0,33000.0,78000.0,10.0,2016-Q3,10.0,Q3,Summer,West,2016,42.2,17.8,8.5,18.8,10.4,6.9,2016
Colorado,33000.0,37000.0,6500.0,18.0,1100.0,740.0,2.0,2016-Q3,17.56756756756757,Q3,Summer,West,2016,49.3,22.4,16.8,24.6,10.6,0.1,2016
Connecticut,3100.0,3100.0,270.0,9.0,890.0,180.0,6.0,2016-Q3,8.709677419354838,Q3,Summer,Northeast,2016,18.8,1.6,0.0,0.2,5.0,0.8,2016
Florida,200000.0,220000.0,25000.0,11.0,62000.0,14500.0,7.0,2016-Q3,11.363636363636363,Q3,Summer,South,2016,45.1,23.4,2.7,9.9,8.5,1.8,2016
Georgia,102000.0,103000.0,13000.0,13.0,12500.0,2300.0,2.0,2016-Q3,12.62135922330097,Q3,Summer,South,2016,30.7,16.4,2.4,12.1,7.6,4.5,2016
Hawaii,13500.0,13500.0,600.0,4.0,430.0,820.0,6.0,2016-Q3,4.444444444444445,Q3,Summer,West,2016,67.8,75.3,0.1,0.8,0.0,0.0,2016
Idaho,79000.0,131000.0,13000.0,10.0,1900.0,2800.0,2.0,2016-Q3,9.923664122137405,Q3,Summer,West,2016,25.3,4.7,4.5,7.6,6.0,3.3,2016
Illinois,11000.0,11000.0,1300.0,12.0,850.0,310.0,3.0,2016-Q3,11.818181818181818,Q3,Summer,Midwest,2016,17.4,7.9,0.7,4.3,2.9,1.6,2016
Indiana,9500.0,9500.0,600.0,6.0,450.0,550.0,6.0,2016-Q3,6.315789473684211,Q3,Summer,Midwest,2016,50.4,12.4,1.2,0.6,2.5,1.2,2016
Iowa,50000.0,50000.0,5500.0,11.0,10500.0,2400.0,5.0,2016-Q3,11.0,Q3,Summer,Midwest,2016,32.6,3.4,0.8,16.7,2.4,5.6,2016
Kansas,8000.0,8000.0,2600.0,33.0,310.0,190.0,2.0,2016-Q3,32.5,Q3,Summer,Midwest,2016,42.8,25.5,14.1,29.1,4.5,2.6,2016
Kentucky,7500.0,7500.0,1000.0,13.0,900.0,230.0,3.0,2016-Q3,13.333333333333334,Q3,Summer,South,2016,42.3,25.7,0.9,11.5,7.4,4.5,2016
Louisiana,51000.0,60000.0,7000.0,12.0,2600.0,2100.0,4.0,2016-Q3,11.666666666666666,Q3,Summer,South,2016,39.5,26.1,,1.6,9.6,0.7,2016
Maine,5500.0,5500.0,420.0,8.0,240.0,140.0,3.0,2016-Q3,7.636363636363637,Q3,Summer,Northeast,2016,9.3,0.1,0.2,0.0,0.6,0.0,2016
Maryland,7000.0,7000.0,200.0,3.0,400.0,20.0,,2016-Q3,2.857142857142857,Q3,Summer,South,2016,10.8,4.8,0.1,0.7,0.6,1.6,2016
Massachusetts,9500.0,9500.0,530.0,6.0,450.0,40.0,,2016-Q3,5.578947368421053,Q3,Summer,Northeast,2016,14.1,8.7,6.8,0.1,3.4,7.9,2016
Michigan,108000.0,108000.0,15000.0,14.0,11000.0,9500.0,9.0,2016-Q3,13.88888888888889,Q3,Summer,Midwest,2016,64.1,25.1,0.3,9.1,6.5,2.7,2016
Minnesota,132000.0,138000.0,26000.0,19.0,1300.0,1900.0,1.0,2016-Q3,18.84057971014493,Q3,Summer,Midwest,2016,47.2,14.6,6.2,22.4,17.8,8.9,2016
Mississippi,19000.0,20000.0,3300.0,17.0,750.0,740.0,4.0,2016-Q3,16.5,Q3,Summer,South,2016,27.5,3.5,1.6,1.8,5.0,4.7,2016
Missouri,13500.0,13500.0,650.0,5.0,480.0,170.0,1.0,2016-Q3,4.814814814814815,Q3,Summer,Midwest,2016,13.3,7.7,1.0,0.1,3.1,0.7,2016
Montana,147000.0,158000.0,11500.0,7.0,4100.0,6500.0,4.0,2016-Q3,7.2784810126582276,Q3,Summer,West,2016,41.9,8.8,7.0,6.9,6.1,1.4,2016
Nebraska,45000.0,47000.0,8500.0,18.0,390.0,27000.0,57.0,2016-Q3,18.085106382978726,Q3,Summer,Midwest,2016,20.4,1.6,0.1,10.2,1.6,0.1,2016
New Jersey,18000.0,18000.0,270.0,2.0,120.0,80.0,,2016-Q3,1.5,Q3,Summer,Northeast,2016,20.2,7.1,1.2,8.5,1.3,0.3,2016
New Mexico,6500.0,6500.0,1100.0,17.0,2000.0,1000.0,15.0,2016-Q3,16.923076923076923,Q3,Summer,West,2016,59.5,55.4,55.2,24.1,1.7,0.7,2016
New York,56000.0,56000.0,10000.0,18.0,1900.0,800.0,1.0,2016-Q3,17.857142857142858,Q3,Summer,Northeast,2016,37.4,9.0,5.5,5.2,24.7,2.6,2016
North Carolina,25000.0,25000.0,1400.0,6.0,1400.0,1200.0,5.0,2016-Q3,5.6000000000000005,Q3,Summer,South,2016,27.8,13.4,0.1,2.9,13.4,3.0,2016
North Dakota,510000.0,550000.0,71000.0,13.0,25000.0,104000.0,19.0,2016-Q3,12.909090909090908,Q3,Summer,Midwest,2016,38.0,11.8,6.3,12.9,9.9,3.1,2016
Ohio,21000.0,21000.0,1600.0,8.0,980.0,630.0,3.0,2016-Q3,7.6190476190476195,Q3,Summer,Midwest,2016,60.6,10.6,2.3,2.9,3.6,3.2,2016
Oklahoma,3700.0,3700.0,560.0,15.0,30.0,30.0,1.0,2016-Q3,15.135135135135137,Q3,Summer,South,2016,7.5,6.5,0.3,0.7,1.4,21.8,2016
Oregon,107000.0,112000.0,7500.0,7.0,2900.0,4300.0,4.0,2016-Q3,6.696428571428571,Q3,Summer,West,2016,52.9,18.5,12.5,9.6,5.1,1.5,2016
Pennsylvania,19000.0,22000.0,1300.0,6.0,680.0,780.0,4.0,2016-Q3,5.909090909090909,Q3,Summer,Northeast,2016,27.3,7.7,1.6,4.3,2.8,1.2,2016
South Carolina,13000.0,13500.0,920.0,7.0,990.0,50.0,,2016-Q3,6.814814814814815,Q3,Summer,South,2016,20.4,18.8,0.1,2.6,2.6,1.9,2016
South Dakota,178000.0,191000.0,25000.0,13.0,4200.0,9500.0,5.0,2016-Q3,13.089005235602095,Q3,Summer,Midwest,2016,48.8,19.5,14.2,22.7,4.6,2.8,2016
Tennessee,10000.0,10000.0,950.0,10.0,340.0,290.0,3.0,2016-Q3,9.5,Q3,Summer,South,2016,22.5,23.1,1.3,2.4,6.2,2.0,2016
Texas,129000.0,143000.0,12000.0,8.0,12500.0,810.0,1.0,2016-Q3,8.391608391608392,Q3,Summer,South,2016,47.2,11.4,1.7,31.4,3.7,4.1,2016
Utah,27000.0,33000.0,3200.0,10.0,1200.0,120.0,,2016-Q3,9.696969696969697,Q3,Summer,West,2016,32.1,20.2,0.6,21.8,2.5,1.7,2016
Vermont,6500.0,6500.0,400.0,6.0,170.0,50.0,1.0,2016-Q3,6.153846153846154,Q3,Summer,Northeast,2016,5.6,8.0,1.7,0.0,2.4,0.8,2016
Virginia,8000.0,8000.0,810.0,10.0,460.0,360.0,5.0,2016-Q3,10.125,Q3,Summer,South,2016,39.1,24.1,1.1,2.3,5.3,3.6,2016
Washington,57000.0,74000.0,5000.0,7.0,7500.0,2000.0,3.0,2016-Q3,6.756756756756757,Q3,Summer,West,2016,65.2,1.4,0.9,19.1,4.3,0.1,2016
West Virginia,7500.0,7500.0,190.0,3.0,130.0,220.0,3.0,2016-Q3,2.533333333333333,Q3,Summer,South,2016,41.5,7.1,3.6,0.1,8.1,0.4,2016
Wisconsin,71000.0,75000.0,12000.0,16.0,880.0,640.0,1.0,2016-Q3,16.0,Q3,Summer,Midwest,2016,31.5,13.6,10.8,15.8,5.1,11.1,2016
Wyoming,32000.0,40000.0,7000.0,18.0,1800.0,1000.0,3.0,2016-Q3,17.5,Q3,Summer,West,2016,38.6,3.1,0.5,2.6,3.4,0.3,2016
Other,11880.0,11890.0,1920.0,16.0,1690.0,430.0,4.0,2016-Q3,16.14802354920101,Q3,Summer,Other,2016,7.8,1.6,0.5,0.0,2.3,9.8,2016
Alabama,7000.0,7000.0,610.0,9.0,50.0,10.0,,2016-Q4,8.714285714285715,Q4,Fall,South,2016,12.3,9.9,0.2,2.4,6.7,3.3,2016
Arizona,29000.0,31000.0,6500.0,21.0,4600.0,3100.0,10.0,2016-Q4,20.967741935483872,Q4,Fall,West,2016,98.8,15.5,2.3,6.5,4.3,3.2,2016
Arkansas,28000.0,28000.0,2500.0,9.0,20.0,10.0,,2016-Q4,8.928571428571429,Q4,Fall,South,2016,21.1,4.8,,1.3,1.1,3.3,2016
California,770000.0,1330000.0,205000.0,15.0,40000.0,35000.0,3.0,2016-Q4,15.413533834586465,Q4,Fall,West,2016,41.9,13.7,8.0,9.1,9.6,3.5,2016
Colorado,30000.0,30000.0,4500.0,15.0,2500.0,0.0,0.0,2016-Q4,15.0,Q4,Fall,West,2016,32.4,1.3,0.1,3.1,13.0,0.1,2016
Connecticut,3100.0,3100.0,240.0,8.0,0.0,0.0,0.0,2016-Q4,7.741935483870968,Q4,Fall,Northeast,2016,14.7,6.6,1.1,1.0,5.8,3.2,2016
Florida,255000.0,300000.0,41000.0,14.0,31000.0,11500.0,4.0,2016-Q4,13.666666666666666,Q4,Fall,South,2016,30.9,27.1,7.7,17.0,13.6,6.5,2016
Georgia,96000.0,112000.0,11000.0,10.0,12000.0,450.0,,2016-Q4,9.821428571428571,Q4,Fall,South,2016,43.6,8.6,3.7,7.6,4.1,2.5,2016
Hawaii,13500.0,13500.0,970.0,7.0,60.0,840.0,6.0,2016-Q4,7.185185185185185,Q4,Fall,West,2016,39.9,40.8,0.0,0.1,0.2,0.1,2016
Idaho,121000.0,143000.0,15500.0,11.0,5000.0,420.0,,2016-Q4,10.839160839160838,Q4,Fall,West,2016,31.9,0.8,4.8,0.2,4.2,3.0,2016
Illinois,9000.0,9000.0,720.0,8.0,0.0,0.0,0.0,2016-Q4,8.0,Q4,Fall,Midwest,2016,27.8,11.7,1.2,5.6,3.9,4.8,2016
Indiana,7500.0,7500.0,1200.0,16.0,20.0,0.0,0.0,2016-Q4,16.0,Q4,Fall,Midwest,2016,28.2,9.6,0.2,1.4,1.0,3.8,2016
Iowa,54000.0,54000.0,4700.0,9.0,0.0,20.0,,2016-Q4,8.703703703703704,Q4,Fall,Midwest,2016,18.7,9.8,8.9,9.0,11.4,6.3,2016
Kansas,5000.0,5000.0,1300.0,26.0,200.0,0.0,0.0,2016-Q4,26.0,Q4,Fall,Midwest,2016,29.2,8.3,0.3,3.1,5.1,1.4,2016
Kentucky,7500.0,7500.0,950.0,13.0,60.0,80.0,1.0,2016-Q4,12.666666666666668,Q4,Fall,South,2016,48.2,22.3,3.3,3.0,10.3,5.7,2016
Louisiana,48000.0,57000.0,2000.0,4.0,250.0,340.0,1.0,2016-Q4,3.508771929824561,Q4,Fall,South,2016,2.9,1.0,1.0,0.1,0.7,1.2,2016
Maine,3500.0,3500.0,280.0,8.0,0.0,0.0,0.0,2016-Q4,8.0,Q4,Fall,Northeast,2016,10.7,0.8,0.1,0.0,5.8,0.1,2016
Maryland,7500.0,9500.0,500.0,5.0,20.0,30.0,,2016-Q4,5.263157894736842,Q4,Fall,South,2016,23.8,8.3,4.5,4.6,5.8,0.6,2016
Massachusetts,8000.0,8000.0,740.0,9.0,0.0,0.0,0.0,2016-Q4,9.25,Q4,Fall,Northeast,2016,6.1,2.6,0.4,0.4,0.7,4.2,2016
Michigan,101000.0,101000.0,12500.0,12.0,10.0,130.0,,2016-Q4,12.376237623762377,Q4,Fall,Midwest,2016,23.9,1.5,0.1,2.7,4.0,0.6,2016
Minnesota,113000.0,114000.0,13500.0,12.0,0.0,0.0,0.0,2016-Q4,11.842105263157894,Q4,Fall,Midwest,2016,27.5,7.7,3.1,17.6,5.0,8.9,2016
Mississippi,17500.0,30000.0,2400.0,8.0,330.0,60.0,,2016-Q4,8.0,Q4,Fall,South,2016,21.9,6.0,0.1,0.0,2.1,2.8,2016
Missouri,9000.0,9000.0,590.0,7.0,1400.0,640.0,7.0,2016-Q4,6.555555555555556,Q4,Fall,Midwest,2016,16.1,12.6,0.2,,1.5,0.7,2016
Montana,124000.0,124000.0,16000.0,13.0,2700.0,0.0,0.0,2016-Q4,12.903225806451612,Q4,Fall,West,2016,59.1,39.4,32.9,13.7,33.3,33.1,2016
Nebraska,37000.0,37000.0,4300.0,12.0,190.0,0.0,0.0,2016-Q4,11.621621621621623,Q4,Fall,Midwest,2016,10.5,1.4,0.2,1.2,0.4,1.5,2016
New Jersey,12000.0,12000.0,340.0,3.0,400.0,0.0,0.0,2016-Q4,2.833333333333333,Q4,Fall,Northeast,2016,28.6,11.3,0.4,1.9,3.4,8.6,2016
New Mexico,7000.0,7000.0,1600.0,23.0,1100.0,20.0,,2016-Q4,22.857142857142858,Q4,Fall,West,2016,46.2,0.3,7.2,0.0,0.8,0.3,2016
New York,48000.0,49000.0,9000.0,18.0,240.0,130.0,,2016-Q4,18.367346938775512,Q4,Fall,Northeast,2016,27.8,2.2,3.6,12.5,2.2,2.1,2016
North Carolina,25000.0,25000.0,5500.0,22.0,220.0,50.0,,2016-Q4,22.0,Q4,Fall,South,2016,24.0,7.7,1.8,0.0,12.5,1.3,2016
North Dakota,385000.0,390000.0,44000.0,11.0,13500.0,2500.0,1.0,2016-Q4,11.282051282051283,Q4,Fall,Midwest,2016,23.5,7.9,1.5,0.4,2.6,2.2,2016
Ohio,19500.0,19500.0,2100.0,11.0,20.0,140.0,1.0,2016-Q4,10.76923076923077,Q4,Fall,Midwest,2016,42.0,18.1,0.8,4.2,11.2,10.9,2016
Oklahoma,3100.0,44000.0,2700.0,6.0,120.0,30.0,,2016-Q4,6.136363636363637,Q4,Fall,South,2016,4.9,0.5,,0.1,0.1,0.7,2016
Oregon,98000.0,124000.0,9500.0,8.0,1500.0,1000.0,1.0,2016-Q4,7.661290322580645,Q4,Fall,West,2016,25.5,2.8,13.0,2.8,2.6,1.3,2016
Pennsylvania,21000.0,21000.0,3100.0,15.0,120.0,180.0,1.0,2016-Q4,14.761904761904763,Q4,Fall,Northeast,2016,18.7,2.6,1.0,2.8,4.9,3.1,2016
South Carolina,12000.0,17000.0,1300.0,8.0,760.0,370.0,2.0,2016-Q4,7.647058823529412,Q4,Fall,South,2016,29.0,27.1,23.3,24.6,25.9,1.9,2016
South Dakota,146000.0,146000.0,11000.0,8.0,0.0,2400.0,2.0,2016-Q4,7.534246575342466,Q4,Fall,Midwest,2016,48.9,5.3,0.3,6.0,1.0,0.3,2016
Tennessee,9000.0,9000.0,840.0,9.0,120.0,10.0,,2016-Q4,9.333333333333334,Q4,Fall,South,2016,19.9,21.6,0.0,1.1,2.2,3.1,2016
Texas,136000.0,310000.0,39000.0,13.0,2200.0,650.0,,2016-Q4,12.580645161290322,Q4,Fall,South,2016,33.1,17.5,3.2,3.6,2.8,1.4,2016
Utah,30000.0,30000.0,1600.0,5.0,440.0,50.0,,2016-Q4,5.333333333333334,Q4,Fall,West,2016,26.4,0.1,0.2,0.9,0.7,0.3,2016
Vermont,6500.0,6500.0,260.0,4.0,20.0,10.0,,2016-Q4,4.0,Q4,Fall,Northeast,2016,44.5,41.3,41.2,41.0,0.4,0.0,2016
Virginia,7000.0,7000.0,730.0,10.0,230.0,10.0,,2016-Q4,10.428571428571429,Q4,Fall,South,2016,31.4,19.9,2.0,0.0,1.8,5.1,2016
Washington,65000.0,97000.0,9000.0,9.0,3100.0,130.0,,2016-Q4,9.278350515463918,Q4,Fall,West,2016,21.4,4.6,3.7,9.1,4.5,0.3,2016
West Virginia,7500.0,7500.0,1000.0,13.0,80.0,60.0,1.0,2016-Q4,13.333333333333334,Q4,Fall,South,2016,23.8,2.3,1.1,1.1,4.3,2.8,2016
Wisconsin,59000.0,59000.0,7500.0,13.0,10.0,20.0,,2016-Q4,12.711864406779661,Q4,Fall,Midwest,2016,69.3,12.2,10.0,10.6,10.6,46.2,2016
Wyoming,25000.0,27000.0,2200.0,8.0,50.0,0.0,0.0,2016-Q4,8.148148148148149,Q4,Fall,West,2016,32.2,1.6,3.1,5.2,1.1,0.0,2016
Other,6360.0,6460.0,580.0,9.0,20.0,0.0,0.0,2016-Q4,8.978328173374612,Q4,Fall,Other,2016,24.1,9.3,9.3,9.6,2.3,1.4,2016
Alabama,7000.0,7000.0,1600.0,23.0,570.0,740.0,11.0,2017-Q1,22.857142857142858,Q1,Winter,South,2017,19.9,9.8,0.2,3.2,6.7,9.3,2017
Arizona,31000.0,32000.0,6000.0,19.0,2900.0,0.0,0.0,2017-Q1,18.75,Q1,Winter,West,2017,35.6,2.0,3.8,1.7,6.5,2.1,2017
Arkansas,18000.0,20000.0,3500.0,18.0,430.0,230.0,1.0,2017-Q1,17.5,Q1,Winter,South,2017,31.5,14.6,0.1,0.5,3.0,1.0,2017
California,1170000.0,1470000.0,195000.0,13.0,137000.0,93000.0,6.0,2017-Q1,13.26530612244898,Q1,Winter,West,2017,37.7,12.6,7.5,9.2,6.6,6.3,2017
Colorado,9500.0,21000.0,1100.0,5.0,100.0,0.0,0.0,2017-Q1,5.238095238095238,Q1,Winter,West,2017,17.0,,,0.9,2.6,0.4,2017
Connecticut,3100.0,3100.0,380.0,12.0,100.0,110.0,4.0,2017-Q1,12.258064516129032,Q1,Winter,Northeast,2017,51.5,1.5,0.0,0.0,6.1,5.6,2017
Florida,260000.0,265000.0,30000.0,11.0,78000.0,34000.0,13.0,2017-Q1,11.320754716981133,Q1,Winter,South,2017,37.6,14.8,1.5,14.2,6.2,17.9,2017
Georgia,123000.0,125000.0,14000.0,11.0,25000.0,21000.0,17.0,2017-Q1,11.200000000000001,Q1,Winter,South,2017,35.3,7.0,0.2,2.6,4.4,1.8,2017
Hawaii,13000.0,13000.0,190.0,1.0,510.0,50.0,,2017-Q1,1.4615384615384615,Q1,Winter,West,2017,1.2,2.1,0.2,0.0,0.1,0.1,2017
Idaho,95000.0,99000.0,8500.0,9.0,2000.0,280.0,,2017-Q1,8.585858585858585,Q1,Winter,West,2017,74.2,42.3,42.3,21.2,1.7,0.4,2017
Illinois,11000.0,11000.0,2900.0,26.0,3100.0,150.0,1.0,2017-Q1,26.36363636363636,Q1,Winter,Midwest,2017,21.2,13.1,0.5,3.7,9.9,8.0,2017
Indiana,7000.0,7500.0,1900.0,25.0,1700.0,70.0,1.0,2017-Q1,25.333333333333336,Q1,Winter,Midwest,2017,15.8,8.0,5.2,4.1,10.4,7.1,2017
Iowa,10000.0,15500.0,3000.0,19.0,70.0,0.0,0.0,2017-Q1,19.35483870967742,Q1,Winter,Midwest,2017,33.6,8.3,8.4,12.0,11.9,11.7,2017
Kansas,3800.0,3800.0,1000.0,26.0,930.0,380.0,10.0,2017-Q1,26.31578947368421,Q1,Winter,Midwest,2017,47.2,3.0,0.0,3.6,16.4,14.3,2017
Kentucky,6500.0,7000.0,1300.0,19.0,950.0,430.0,6.0,2017-Q1,18.571428571428573,Q1,Winter,South,2017,31.9,11.5,0.4,3.8,16.0,7.5,2017
Louisiana,44000.0,47000.0,2700.0,6.0,11000.0,1900.0,4.0,2017-Q1,5.74468085106383,Q1,Winter,South,2017,25.8,9.6,0.1,1.8,4.3,1.8,2017
Maine,2700.0,3100.0,1000.0,32.0,100.0,0.0,0.0,2017-Q1,32.25806451612903,Q1,Winter,Northeast,2017,23.9,20.9,30.5,8.1,26.3,0.0,2017
Maryland,9000.0,9000.0,2100.0,23.0,770.0,260.0,3.0,2017-Q1,23.333333333333332,Q1,Winter,South,2017,11.3,3.3,1.0,1.0,11.9,4.3,2017
Massachusetts,3300.0,3300.0,1500.0,45.0,120.0,110.0,3.0,2017-Q1,45.45454545454545,Q1,Winter,Northeast,2017,32.5,5.6,3.0,4.5,10.5,5.6,2017
Michigan,29000.0,59000.0,5000.0,8.0,600.0,130.0,,2017-Q1,8.47457627118644,Q1,Winter,Midwest,2017,7.9,0.3,0.0,1.9,1.1,3.9,2017
Minnesota,27000.0,41000.0,3500.0,9.0,3300.0,0.0,0.0,2017-Q1,8.536585365853659,Q1,Winter,Midwest,2017,2.1,0.4,0.1,0.9,9.0,5.8,2017
Mississippi,31000.0,68000.0,2600.0,4.0,23000.0,7000.0,10.0,2017-Q1,3.823529411764706,Q1,Winter,South,2017,41.7,35.3,,0.1,0.5,1.4,2017
Missouri,7000.0,7500.0,1200.0,16.0,400.0,10.0,,2017-Q1,16.0,Q1,Winter,Midwest,2017,16.6,15.4,0.5,2.7,5.4,5.2,2017
Montana,18500.0,46000.0,470.0,1.0,3100.0,6000.0,13.0,2017-Q1,1.0217391304347825,Q1,Winter,West,2017,34.0,15.1,0.0,2.5,6.0,0.1,2017
Nebraska,7500.0,13000.0,750.0,6.0,120.0,0.0,0.0,2017-Q1,5.769230769230769,Q1,Winter,Midwest,2017,14.8,0.3,0.4,0.0,2.1,1.2,2017
New Jersey,6000.0,6000.0,490.0,8.0,10.0,0.0,0.0,2017-Q1,8.166666666666666,Q1,Winter,Northeast,2017,16.3,0.7,0.3,0.1,0.8,0.6,2017
New Mexico,5500.0,5500.0,2100.0,38.0,3600.0,0.0,0.0,2017-Q1,38.18181818181819,Q1,Winter,West,2017,93.9,0.0,87.4,0.0,2.0,0.0,2017
New York,32000.0,33000.0,6000.0,18.0,520.0,0.0,0.0,2017-Q1,18.181818181818183,Q1,Winter,Northeast,2017,20.4,9.4,9.8,4.4,13.2,10.8,2017
North Carolina,16000.0,23000.0,2500.0,11.0,3700.0,1200.0,5.0,2017-Q1,10.869565217391305,Q1,Winter,South,2017,34.7,17.4,0.2,1.5,7.2,3.9,2017
North Dakota,50000.0,123000.0,640.0,1.0,1100.0,10.0,,2017-Q1,0.5203252032520325,Q1,Winter,Midwest,2017,0.8,0.0,0.0,0.0,0.2,0.2,2017
Ohio,15500.0,17500.0,4400.0,25.0,1300.0,530.0,3.0,2017-Q1,25.142857142857146,Q1,Winter,Midwest,2017,25.8,11.6,0.6,0.1,5.2,16.5,2017
Oklahoma,26000.0,26000.0,550.0,2.0,9500.0,1700.0,7.0,2017-Q1,2.1153846153846154,Q1,Winter,South,2017,11.9,1.0,0.0,0.1,0.5,0.3,2017
Oregon,71000.0,90000.0,8000.0,9.0,7500.0,1400.0,2.0,2017-Q1,8.88888888888889,Q1,Winter,West,2017,28.7,8.5,10.1,9.1,15.4,8.5,2017
Pennsylvania,17000.0,18000.0,4000.0,22.0,810.0,390.0,2.0,2017-Q1,22.22222222222222,Q1,Winter,Northeast,2017,20.9,2.4,0.8,2.9,3.6,7.2,2017
South Carolina,17000.0,17500.0,1600.0,9.0,4700.0,970.0,6.0,2017-Q1,9.142857142857142,Q1,Winter,South,2017,12.6,5.3,0.4,1.1,2.7,1.8,2017
South Dakota,21000.0,48000.0,2700.0,6.0,1500.0,440.0,1.0,2017-Q1,5.625,Q1,Winter,Midwest,2017,2.9,0.0,0.0,0.0,0.2,0.3,2017
Tennessee,8500.0,8500.0,1600.0,19.0,1500.0,160.0,2.0,2017-Q1,18.823529411764707,Q1,Winter,South,2017,28.6,12.6,0.9,2.4,8.1,7.0,2017
Texas,275000.0,340000.0,49000.0,14.0,130000.0,68000.0,20.0,2017-Q1,14.411764705882351,Q1,Winter,South,2017,36.2,22.5,2.0,5.1,3.5,3.6,2017
Utah,16000.0,19000.0,2700.0,14.0,3900.0,60.0,,2017-Q1,14.210526315789473,Q1,Winter,West,2017,38.7,0.0,0.1,0.0,2.0,0.3,2017
Vermont,6500.0,6500.0,440.0,7.0,0.0,0.0,0.0,2017-Q1,6.769230769230769,Q1,Winter,Northeast,2017,6.0,0.7,2.1,0.2,0.9,2.2,2017
Virginia,8000.0,8000.0,1400.0,18.0,1900.0,280.0,4.0,2017-Q1,17.5,Q1,Winter,South,2017,21.4,12.8,2.8,3.2,7.4,8.4,2017
Washington,68000.0,104000.0,9000.0,9.0,8500.0,0.0,0.0,2017-Q1,8.653846153846153,Q1,Winter,West,2017,6.8,0.1,0.0,0.0,8.0,4.4,2017
West Virginia,5500.0,8000.0,800.0,10.0,450.0,100.0,1.0,2017-Q1,10.0,Q1,Winter,South,2017,15.8,1.0,0.2,0.0,11.9,1.3,2017
Wisconsin,17000.0,22000.0,4400.0,20.0,450.0,70.0,,2017-Q1,20.0,Q1,Winter,Midwest,2017,19.0,1.9,1.1,2.0,4.0,10.5,2017
Wyoming,6500.0,17000.0,3600.0,21.0,1300.0,0.0,0.0,2017-Q1,21.176470588235293,Q1,Winter,West,2017,0.2,0.0,0.2,0.0,0.6,,2017
Other,6190.0,6490.0,1540.0,24.0,130.0,50.0,1.0,2017-Q1,23.728813559322035,Q1,Winter,Other,2017,3.4,0.8,6.6,2.6,1.8,2.5,2017
Alabama,6500.0,6500.0,440.0,7.0,1200.0,500.0,8.0,2017-Q2,6.769230769230769,Q2,Spring,South,2017,17.9,13.6,0.0,4.2,9.4,5.3,2017
Arizona,22000.0,22000.0,2600.0,12.0,12500.0,3000.0,14.0,2017-Q2,11.818181818181818,Q2,Spring,West,2017,58.4,15.9,19.7,12.4,20.4,0.7,2017
Arkansas,17000.0,24000.0,1900.0,8.0,6000.0,1300.0,5.0,2017-Q2,7.916666666666666,Q2,Spring,South,2017,19.4,9.6,1.9,3.9,2.7,2.5,2017
California,980000.0,990000.0,90000.0,9.0,160000.0,220000.0,22.0,2017-Q2,9.090909090909092,Q2,Spring,West,2017,38.0,7.7,3.1,13.0,4.8,3.4,2017
Colorado,16500.0,31000.0,4500.0,15.0,8000.0,7500.0,24.0,2017-Q2,14.516129032258066,Q2,Spring,West,2017,31.3,0.8,5.3,3.2,4.6,0.1,2017
Connecticut,3000.0,3000.0,140.0,5.0,2200.0,350.0,12.0,2017-Q2,4.666666666666667,Q2,Spring,Northeast,2017,9.1,0.2,0.0,0.5,1.9,0.7,2017
Florida,245000.0,255000.0,35000.0,14.0,40000.0,50000.0,20.0,2017-Q2,13.725490196078432,Q2,Spring,South,2017,36.5,14.4,6.1,9.0,6.5,18.9,2017
Georgia,130000.0,137000.0,12500.0,9.0,21000.0,31000.0,23.0,2017-Q2,9.124087591240876,Q2,Spring,South,2017,34.1,5.8,1.0,6.6,6.5,2.8,2017
Hawaii,12000.0,12000.0,70.0,1.0,3000.0,920.0,8.0,2017-Q2,0.5833333333333334,Q2,Spring,West,2017,88.9,3.7,,0.0,0.4,0.0,2017
Idaho,61000.0,78000.0,10500.0,13.0,22000.0,31000.0,40.0,2017-Q2,13.461538461538462,Q2,Spring,West,2017,30.5,6.4,4.0,8.3,7.8,4.8,2017
Illinois,11500.0,12000.0,1200.0,10.0,3600.0,1600.0,13.0,2017-Q2,10.0,Q2,Spring,Midwest,2017,11.3,4.3,0.7,3.0,5.6,1.5,2017
Indiana,7500.0,11000.0,1200.0,11.0,3000.0,510.0,5.0,2017-Q2,10.909090909090908,Q2,Spring,Midwest,2017,5.5,2.1,0.1,43.3,8.6,1.2,2017
Iowa,12000.0,23000.0,2400.0,10.0,23000.0,3900.0,17.0,2017-Q2,10.434782608695652,Q2,Spring,Midwest,2017,39.3,27.6,7.5,26.6,8.1,0.9,2017
Kansas,3800.0,6000.0,390.0,7.0,2500.0,870.0,15.0,2017-Q2,6.5,Q2,Spring,Midwest,2017,17.3,8.5,0.7,22.6,1.7,6.4,2017
Kentucky,7000.0,7500.0,900.0,12.0,3100.0,590.0,8.0,2017-Q2,12.0,Q2,Spring,South,2017,25.7,11.6,1.0,4.5,4.3,4.9,2017
Louisiana,56000.0,62000.0,2600.0,4.0,4100.0,8000.0,13.0,2017-Q2,4.193548387096775,Q2,Spring,South,2017,23.2,3.1,0.0,1.6,1.5,0.7,2017
Maine,2200.0,33000.0,910.0,3.0,1100.0,1400.0,4.0,2017-Q2,2.757575757575758,Q2,Spring,Northeast,2017,4.4,4.3,4.1,4.3,2.0,14.8,2017
Maryland,8000.0,9500.0,190.0,2.0,3400.0,930.0,10.0,2017-Q2,2.0,Q2,Spring,South,2017,3.3,6.9,0.8,0.3,2.1,1.1,2017
Massachusetts,2500.0,8000.0,140.0,2.0,1400.0,490.0,6.0,2017-Q2,1.7500000000000002,Q2,Spring,Northeast,2017,14.8,12.5,12.9,11.0,0.4,1.6,2017
Michigan,55000.0,100000.0,7500.0,8.0,20000.0,13500.0,14.0,2017-Q2,7.5,Q2,Spring,Midwest,2017,19.1,7.2,0.2,2.1,0.9,0.5,2017
Minnesota,32000.0,128000.0,12000.0,9.0,19000.0,8500.0,7.0,2017-Q2,9.375,Q2,Spring,Midwest,2017,20.5,4.7,2.3,12.8,6.6,2.2,2017
Mississippi,89000.0,89000.0,3800.0,4.0,5500.0,26000.0,29.0,2017-Q2,4.269662921348314,Q2,Spring,South,2017,14.0,0.9,0.0,1.7,3.7,0.8,2017
Missouri,6500.0,7000.0,270.0,4.0,1800.0,1000.0,14.0,2017-Q2,3.8571428571428568,Q2,Spring,Midwest,2017,13.4,8.9,3.0,1.0,5.1,1.9,2017
Montana,47000.0,135000.0,3700.0,3.0,18000.0,18000.0,13.0,2017-Q2,2.740740740740741,Q2,Spring,West,2017,20.0,4.0,4.2,3.5,4.4,0.6,2017
Nebraska,7500.0,43000.0,1500.0,3.0,7000.0,27000.0,63.0,2017-Q2,3.488372093023256,Q2,Spring,Midwest,2017,50.1,38.4,1.0,37.6,16.0,0.8,2017
New Jersey,5500.0,21000.0,430.0,2.0,1900.0,660.0,3.0,2017-Q2,2.047619047619048,Q2,Spring,Northeast,2017,21.4,5.6,2.3,1.9,0.3,0.8,2017
New Mexico,7000.0,7500.0,1800.0,24.0,3300.0,3900.0,52.0,2017-Q2,24.0,Q2,Spring,West,2017,88.4,0.6,72.9,0.0,35.6,0.6,2017
New York,25000.0,43000.0,1300.0,3.0,16500.0,7500.0,17.0,2017-Q2,3.0232558139534884,Q2,Spring,Northeast,2017,22.2,2.1,2.1,2.0,8.9,0.1,2017
North Carolina,24000.0,25000.0,3000.0,12.0,5000.0,2700.0,11.0,2017-Q2,12.0,Q2,Spring,South,2017,23.4,5.5,2.3,0.8,5.1,1.5,2017
North Dakota,115000.0,450000.0,16000.0,4.0,31000.0,41000.0,9.0,2017-Q2,3.5555555555555554,Q2,Spring,Midwest,2017,29.3,4.0,3.2,5.3,3.2,1.0,2017
Ohio,13500.0,15000.0,1100.0,7.0,7000.0,2500.0,17.0,2017-Q2,7.333333333333333,Q2,Spring,Midwest,2017,45.5,6.4,6.2,10.4,16.6,3.0,2017
Oklahoma,17000.0,17000.0,200.0,1.0,4700.0,1200.0,7.0,2017-Q2,1.1764705882352942,Q2,Spring,South,2017,23.6,2.3,11.2,0.5,7.7,0.3,2017
Oregon,71000.0,92000.0,5000.0,5.0,15500.0,22000.0,24.0,2017-Q2,5.434782608695652,Q2,Spring,West,2017,37.2,10.6,8.8,3.5,15.8,11.3,2017
Pennsylvania,15500.0,17500.0,540.0,3.0,7500.0,2300.0,13.0,2017-Q2,3.085714285714286,Q2,Spring,Northeast,2017,13.5,1.0,0.7,1.5,2.4,1.5,2017
South Carolina,20000.0,20000.0,870.0,4.0,3000.0,3700.0,19.0,2017-Q2,4.35,Q2,Spring,South,2017,24.3,21.7,15.1,18.5,4.1,0.4,2017
South Dakota,30000.0,168000.0,13000.0,8.0,10000.0,23000.0,14.0,2017-Q2,7.738095238095238,Q2,Spring,Midwest,2017,8.7,1.4,1.0,6.4,5.0,3.6,2017
Tennessee,8500.0,9000.0,1300.0,14.0,2600.0,1500.0,17.0,2017-Q2,14.444444444444443,Q2,Spring,South,2017,53.4,25.5,1.0,3.1,10.6,3.9,2017
Texas,345000.0,350000.0,28000.0,8.0,43000.0,148000.0,42.0,2017-Q2,8.0,Q2,Spring,South,2017,28.7,16.8,1.5,12.4,2.8,1.4,2017
Utah,21000.0,31000.0,2700.0,9.0,12500.0,10000.0,32.0,2017-Q2,8.709677419354838,Q2,Spring,West,2017,36.7,1.3,0.3,0.1,12.6,0.0,2017
Vermont,6000.0,8000.0,170.0,2.0,390.0,190.0,2.0,2017-Q2,2.125,Q2,Spring,Northeast,2017,3.3,0.3,0.3,0.0,0.2,0.5,2017
Virginia,8500.0,9500.0,1000.0,11.0,3100.0,1100.0,12.0,2017-Q2,10.526315789473683,Q2,Spring,South,2017,18.7,18.0,0.9,5.0,1.8,4.8,2017
Washington,75000.0,111000.0,7000.0,6.0,30000.0,20000.0,18.0,2017-Q2,6.306306306306306,Q2,Spring,West,2017,21.3,5.0,4.2,7.5,3.6,0.4,2017
West Virginia,7500.0,7500.0,370.0,5.0,4100.0,2500.0,33.0,2017-Q2,4.933333333333334,Q2,Spring,South,2017,11.6,1.6,1.8,0.4,3.7,1.6,2017
Wisconsin,18000.0,65000.0,4000.0,6.0,13000.0,6500.0,10.0,2017-Q2,6.153846153846154,Q2,Spring,Midwest,2017,13.8,1.7,1.7,2.2,3.2,0.3,2017
Wyoming,15000.0,30000.0,1300.0,4.0,6000.0,3500.0,12.0,2017-Q2,4.333333333333334,Q2,Spring,West,2017,34.1,3.5,12.6,2.8,5.7,1.9,2017
Other,5650.0,7160.0,160.0,2.0,870.0,940.0,13.0,2017-Q2,2.2346368715083798,Q2,Spring,Other,2017,6.7,0.4,0.3,0.0,3.9,0.6,2017
Alabama,7000.0,9500.0,900.0,9.0,690.0,530.0,6.0,2017-Q3,9.473684210526317,Q3,Summer,South,2017,69.5,22.1,0.0,35.4,7.5,3.9,2017
Arizona,26000.0,26000.0,4100.0,16.0,5000.0,3200.0,12.0,2017-Q3,15.769230769230768,Q3,Summer,West,2017,19.8,0.4,0.5,1.1,12.4,6.3,2017
Arkansas,29000.0,29000.0,6000.0,21.0,4400.0,410.0,1.0,2017-Q3,20.689655172413794,Q3,Summer,South,2017,61.4,9.1,0.0,17.0,9.3,2.3,2017
California,590000.0,670000.0,67000.0,10.0,73000.0,74000.0,11.0,2017-Q3,10.0,Q3,Summer,West,2017,42.3,15.8,5.6,13.4,10.1,3.6,2017
Colorado,35000.0,42000.0,4300.0,10.0,2900.0,6410.0,15.0,2017-Q3,10.238095238095237,Q3,Summer,West,2017,52.9,1.4,2.6,9.1,7.8,1.4,2017
Connecticut,3500.0,3500.0,130.0,4.0,50.0,20.0,1.0,2017-Q3,3.7142857142857144,Q3,Summer,Northeast,2017,25.1,1.5,0.1,0.0,13.0,0.0,2017
Florida,176000.0,180000.0,39000.0,22.0,39000.0,42000.0,23.0,2017-Q3,21.666666666666668,Q3,Summer,South,2017,42.9,13.2,3.7,6.3,11.4,21.5,2017
Georgia,121000.0,122000.0,15500.0,13.0,19000.0,23000.0,19.0,2017-Q3,12.704918032786885,Q3,Summer,South,2017,47.6,18.0,2.3,14.1,15.1,6.9,2017
Hawaii,15000.0,15000.0,1100.0,7.0,430.0,20.0,,2017-Q3,7.333333333333333,Q3,Summer,West,2017,2.8,4.3,0.3,0.0,2.0,,2017
Idaho,89000.0,116000.0,12000.0,10.0,9000.0,16500.0,14.0,2017-Q3,10.344827586206897,Q3,Summer,West,2017,53.7,19.1,6.7,15.5,9.5,5.1,2017
Illinois,13000.0,13000.0,1100.0,8.0,710.0,1200.0,9.0,2017-Q3,8.461538461538462,Q3,Summer,Midwest,2017,29.9,14.2,2.8,2.8,4.6,3.3,2017
Indiana,13000.0,13000.0,930.0,7.0,420.0,740.0,6.0,2017-Q3,7.153846153846153,Q3,Summer,Midwest,2017,13.9,5.9,0.4,3.9,3.8,2.0,2017
Iowa,40000.0,43000.0,2200.0,5.0,2100.0,4000.0,9.0,2017-Q3,5.116279069767442,Q3,Summer,Midwest,2017,17.2,7.2,2.4,3.9,4.0,2.2,2017
Kansas,7000.0,7000.0,1700.0,24.0,1400.0,1000.0,14.0,2017-Q3,24.285714285714285,Q3,Summer,Midwest,2017,65.4,52.6,14.8,20.3,1.1,7.4,2017
Kentucky,9000.0,9000.0,1600.0,18.0,450.0,700.0,8.0,2017-Q3,17.77777777777778,Q3,Summer,South,2017,46.4,39.2,4.6,0.6,10.3,6.2,2017
Louisiana,64000.0,64000.0,13500.0,21.0,14500.0,34000.0,53.0,2017-Q3,21.09375,Q3,Summer,South,2017,59.2,74.5,0.3,1.6,4.0,14.9,2017
Maine,5500.0,6000.0,400.0,7.0,210.0,290.0,5.0,2017-Q3,6.666666666666667,Q3,Summer,Northeast,2017,3.4,0.9,0.9,3.9,1.2,0.1,2017
Maryland,8500.0,8500.0,1600.0,19.0,1300.0,600.0,7.0,2017-Q3,18.823529411764707,Q3,Summer,South,2017,8.8,10.1,0.7,1.6,5.1,9.1,2017
Massachusetts,9000.0,9000.0,760.0,8.0,790.0,460.0,5.0,2017-Q3,8.444444444444445,Q3,Summer,Northeast,2017,82.0,0.9,0.7,2.3,0.8,0.1,2017
Michigan,103000.0,109000.0,17500.0,16.0,4300.0,11500.0,11.0,2017-Q3,16.055045871559635,Q3,Summer,Midwest,2017,56.8,11.9,8.6,13.7,15.0,2.9,2017
Minnesota,136000.0,136000.0,20000.0,15.0,1900.0,2200.0,2.0,2017-Q3,14.705882352941178,Q3,Summer,Midwest,2017,39.8,4.7,1.8,9.4,11.6,2.3,2017
Mississippi,24000.0,24000.0,2900.0,12.0,250.0,230.0,1.0,2017-Q3,12.083333333333334,Q3,Summer,South,2017,71.1,4.8,0.7,0.2,18.1,0.7,2017
Missouri,9000.0,9000.0,580.0,6.0,320.0,310.0,3.0,2017-Q3,6.444444444444445,Q3,Summer,Midwest,2017,77.7,36.0,2.8,34.0,1.6,35.0,2017
Montana,154000.0,161000.0,18500.0,11.0,3100.0,23000.0,14.0,2017-Q3,11.490683229813664,Q3,Summer,West,2017,42.3,6.7,6.9,2.2,19.1,2.0,2017
Nebraska,46000.0,47000.0,3700.0,8.0,880.0,13500.0,29.0,2017-Q3,7.872340425531915,Q3,Summer,Midwest,2017,15.1,6.6,0.4,7.1,9.2,0.2,2017
New Jersey,16000.0,16000.0,420.0,3.0,280.0,110.0,1.0,2017-Q3,2.625,Q3,Summer,Northeast,2017,10.7,2.9,0.0,0.8,0.4,1.9,2017
New Mexico,8500.0,8500.0,2500.0,29.0,1800.0,200.0,2.0,2017-Q3,29.411764705882355,Q3,Summer,West,2017,74.3,3.3,17.8,13.6,3.1,0.3,2017
New York,59000.0,59000.0,6500.0,11.0,3100.0,9000.0,15.0,2017-Q3,11.016949152542372,Q3,Summer,Northeast,2017,45.1,19.8,6.2,9.4,13.6,1.8,2017
North Carolina,26000.0,27000.0,3300.0,12.0,4100.0,2900.0,11.0,2017-Q3,12.222222222222221,Q3,Summer,South,2017,74.5,36.1,3.3,20.3,7.6,1.8,2017
North Dakota,470000.0,490000.0,48000.0,10.0,24000.0,100000.0,20.0,2017-Q3,9.795918367346939,Q3,Summer,Midwest,2017,42.0,11.9,3.4,8.1,8.1,1.9,2017
Ohio,23000.0,23000.0,1800.0,8.0,1100.0,1800.0,8.0,2017-Q3,7.82608695652174,Q3,Summer,Midwest,2017,51.5,19.1,4.7,6.7,11.7,7.0,2017
Oklahoma,4400.0,4400.0,510.0,12.0,80.0,270.0,6.0,2017-Q3,11.59090909090909,Q3,Summer,South,2017,22.0,23.0,10.0,3.8,4.7,2.0,2017
Oregon,94000.0,101000.0,13500.0,13.0,7500.0,28000.0,28.0,2017-Q3,13.366336633663368,Q3,Summer,West,2017,54.4,10.6,11.3,13.2,6.4,1.8,2017
Pennsylvania,18500.0,18500.0,1500.0,8.0,6000.0,1600.0,9.0,2017-Q3,8.108108108108109,Q3,Summer,Northeast,2017,41.4,5.7,2.7,3.7,2.2,0.9,2017
South Carolina,14500.0,14500.0,1700.0,12.0,640.0,440.0,3.0,2017-Q3,11.724137931034482,Q3,Summer,South,2017,26.4,11.8,0.2,3.0,5.2,0.8,2017
South Dakota,152000.0,159000.0,16500.0,10.0,6000.0,7500.0,5.0,2017-Q3,10.377358490566039,Q3,Summer,Midwest,2017,47.4,13.4,5.0,10.1,27.0,2.5,2017
Tennessee,10000.0,10000.0,1700.0,17.0,800.0,960.0,10.0,2017-Q3,17.0,Q3,Summer,South,2017,42.8,22.1,2.1,6.0,5.3,6.9,2017
Texas,104000.0,115000.0,15000.0,13.0,21000.0,7500.0,7.0,2017-Q3,13.043478260869565,Q3,Summer,South,2017,33.7,23.0,0.1,24.0,18.3,1.5,2017
Utah,35000.0,35000.0,6500.0,19.0,5500.0,3200.0,9.0,2017-Q3,18.571428571428573,Q3,Summer,West,2017,40.5,0.1,0.5,16.7,15.9,9.1,2017
Vermont,7500.0,7500.0,180.0,2.0,520.0,270.0,4.0,2017-Q3,2.4,Q3,Summer,Northeast,2017,16.8,9.0,4.7,,7.0,0.7,2017
Virginia,11500.0,11500.0,1200.0,10.0,430.0,430.0,4.0,2017-Q3,10.434782608695652,Q3,Summer,South,2017,50.3,26.5,1.5,0.5,4.4,1.6,2017
Washington,82000.0,92000.0,17000.0,18.0,5500.0,10500.0,11.0,2017-Q3,18.478260869565215,Q3,Summer,West,2017,23.7,2.7,2.0,1.2,0.7,2.4,2017
West Virginia,9000.0,9000.0,930.0,10.0,440.0,1900.0,21.0,2017-Q3,10.333333333333334,Q3,Summer,South,2017,23.2,6.2,1.4,0.6,9.5,3.8,2017
Wisconsin,74000.0,75000.0,12500.0,17.0,6000.0,9000.0,12.0,2017-Q3,16.666666666666664,Q3,Summer,Midwest,2017,61.6,21.0,18.5,21.8,13.0,12.1,2017
Wyoming,35000.0,36000.0,5500.0,15.0,3100.0,3500.0,10.0,2017-Q3,15.277777777777779,Q3,Summer,West,2017,21.8,1.6,9.3,4.4,5.6,5.2,2017
Other,8100.0,10000.0,1070.0,11.0,380.0,650.0,7.0,2017-Q3,10.7,Q3,Summer,Other,2017,51.1,4.7,2.3,6.7,1.2,1.3,2017
Alabama,7500.0,7500.0,990.0,13.0,550.0,500.0,7.0,2017-Q4,13.200000000000001,Q4,Fall,South,2017,22.3,10.1,8.8,9.5,1.7,5.2,2017
Arizona,27000.0,30000.0,6500.0,22.0,1300.0,1100.0,4.0,2017-Q4,21.666666666666668,Q4,Fall,West,2017,61.6,4.2,2.3,1.6,4.1,0.1,2017
Arkansas,25000.0,25000.0,7500.0,30.0,2500.0,440.0,2.0,2017-Q4,30.0,Q4,Fall,South,2017,37.5,29.2,26.6,31.0,24.1,0.4,2017
California,680000.0,1200000.0,155000.0,13.0,90000.0,104000.0,9.0,2017-Q4,12.916666666666668,Q4,Fall,West,2017,47.9,14.1,7.4,17.0,17.1,6.3,2017
Colorado,34000.0,34000.0,7000.0,21.0,1500.0,4000.0,12.0,2017-Q4,20.588235294117645,Q4,Fall,West,2017,30.2,0.7,0.2,20.0,15.5,5.3,2017
Connecticut,4000.0,4000.0,330.0,8.0,190.0,110.0,3.0,2017-Q4,8.25,Q4,Fall,Northeast,2017,36.4,2.8,0.0,0.6,1.6,1.6,2017
Florida,180000.0,240000.0,50000.0,21.0,55000.0,36000.0,15.0,2017-Q4,20.833333333333336,Q4,Fall,South,2017,41.4,16.8,7.5,10.4,7.6,26.2,2017
Georgia,125000.0,145000.0,21000.0,14.0,4300.0,2200.0,2.0,2017-Q4,14.482758620689657,Q4,Fall,South,2017,56.8,15.1,12.3,15.3,3.6,4.6,2017
Hawaii,15000.0,15000.0,130.0,1.0,970.0,290.0,2.0,2017-Q4,0.8666666666666666,Q4,Fall,West,2017,57.2,66.1,0.1,0.0,0.1,0.0,2017
Idaho,113000.0,164000.0,9000.0,5.0,10000.0,5000.0,3.0,2017-Q4,5.487804878048781,Q4,Fall,West,2017,34.0,16.9,17.7,14.9,1.7,0.2,2017
Illinois,13500.0,13500.0,1800.0,13.0,140.0,460.0,3.0,2017-Q4,13.333333333333334,Q4,Fall,Midwest,2017,28.9,10.2,0.8,7.9,4.9,4.9,2017
Indiana,11500.0,11500.0,1700.0,15.0,320.0,100.0,1.0,2017-Q4,14.782608695652174,Q4,Fall,Midwest,2017,23.5,5.6,1.7,0.7,3.9,8.0,2017
Iowa,45000.0,45000.0,6500.0,14.0,250.0,3400.0,8.0,2017-Q4,14.444444444444443,Q4,Fall,Midwest,2017,61.0,25.5,12.3,32.6,17.9,5.5,2017
Kansas,6500.0,6500.0,830.0,13.0,140.0,40.0,1.0,2017-Q4,12.769230769230768,Q4,Fall,Midwest,2017,17.9,7.7,3.3,8.6,0.6,10.2,2017
Kentucky,7500.0,7500.0,870.0,12.0,50.0,120.0,2.0,2017-Q4,11.600000000000001,Q4,Fall,South,2017,54.3,24.4,0.5,6.5,5.6,19.1,2017
Louisiana,58000.0,60000.0,2700.0,5.0,390.0,1900.0,3.0,2017-Q4,4.5,Q4,Fall,South,2017,31.5,26.6,0.3,0.6,2.1,10.4,2017
Maine,5500.0,6000.0,60.0,1.0,220.0,110.0,2.0,2017-Q4,1.0,Q4,Fall,Northeast,2017,24.9,6.2,0.4,0.0,0.6,0.0,2017
Maryland,8000.0,10500.0,1300.0,12.0,20.0,410.0,4.0,2017-Q4,12.380952380952381,Q4,Fall,South,2017,7.9,3.1,0.2,1.1,1.8,7.8,2017
Massachusetts,6000.0,6000.0,1100.0,18.0,120.0,550.0,9.0,2017-Q4,18.333333333333332,Q4,Fall,Northeast,2017,13.2,1.2,6.7,2.7,1.5,0.3,2017
Michigan,88000.0,88000.0,11500.0,13.0,990.0,1900.0,2.0,2017-Q4,13.068181818181818,Q4,Fall,Midwest,2017,53.8,13.6,5.3,23.6,1.5,2.0,2017
Minnesota,98000.0,98000.0,7000.0,7.0,1900.0,450.0,,2017-Q4,7.142857142857142,Q4,Fall,Midwest,2017,62.9,4.0,4.2,39.8,7.2,3.1,2017
Mississippi,14000.0,22000.0,3400.0,15.0,280.0,830.0,4.0,2017-Q4,15.454545454545453,Q4,Fall,South,2017,19.3,6.1,1.4,1.5,1.5,4.1,2017
Missouri,9500.0,9500.0,820.0,9.0,100.0,230.0,2.0,2017-Q4,8.631578947368421,Q4,Fall,Midwest,2017,16.7,14.2,1.0,0.1,4.2,1.6,2017
Montana,115000.0,121000.0,13000.0,11.0,5500.0,2900.0,2.0,2017-Q4,10.743801652892563,Q4,Fall,West,2017,54.2,4.1,3.1,5.9,5.3,4.1,2017
Nebraska,42000.0,42000.0,7500.0,18.0,80.0,50.0,,2017-Q4,17.857142857142858,Q4,Fall,Midwest,2017,26.6,3.3,4.1,2.1,4.3,11.5,2017
New Jersey,15500.0,15500.0,1200.0,8.0,330.0,270.0,2.0,2017-Q4,7.741935483870968,Q4,Fall,Northeast,2017,18.9,6.8,4.4,4.4,3.3,0.0,2017
New Mexico,8000.0,8000.0,1900.0,24.0,1700.0,0.0,0.0,2017-Q4,23.75,Q4,Fall,West,2017,86.1,0.3,0.0,10.3,10.0,1.0,2017
New York,51000.0,51000.0,3900.0,8.0,820.0,460.0,1.0,2017-Q4,7.647058823529412,Q4,Fall,Northeast,2017,22.3,12.7,8.0,5.4,0.4,2.6,2017
North Carolina,23000.0,23000.0,5000.0,22.0,60.0,290.0,1.0,2017-Q4,21.73913043478261,Q4,Fall,South,2017,64.2,16.3,3.9,1.5,11.7,6.7,2017
North Dakota,410000.0,410000.0,26000.0,6.0,10000.0,2900.0,1.0,2017-Q4,6.341463414634147,Q4,Fall,Midwest,2017,41.7,16.5,0.2,0.5,0.9,0.3,2017
Ohio,18500.0,18500.0,2800.0,15.0,510.0,960.0,5.0,2017-Q4,15.135135135135137,Q4,Fall,Midwest,2017,45.3,23.3,7.1,6.4,8.4,2.9,2017
Oregon,94000.0,94000.0,10000.0,11.0,70.0,18500.0,20.0,2017-Q4,10.638297872340425,Q4,Fall,West,2017,50.6,23.3,28.0,14.2,3.9,1.8,2017
Pennsylvania,24000.0,24000.0,5500.0,23.0,2500.0,1100.0,5.0,2017-Q4,22.916666666666664,Q4,Fall,Northeast,2017,44.7,5.4,1.0,6.9,2.9,2.3,2017
South Carolina,12500.0,15000.0,2000.0,13.0,1300.0,750.0,5.0,2017-Q4,13.333333333333334,Q4,Fall,South,2017,31.6,19.4,14.6,0.2,1.9,1.9,2017
South Dakota,111000.0,111000.0,6500.0,6.0,0.0,0.0,0.0,2017-Q4,5.8558558558558556,Q4,Fall,Midwest,2017,17.3,0.1,4.1,4.4,7.5,2.7,2017
Tennessee,8500.0,10500.0,1300.0,12.0,230.0,320.0,3.0,2017-Q4,12.380952380952381,Q4,Fall,South,2017,22.8,18.9,0.2,2.0,7.5,15.3,2017
Texas,127000.0,285000.0,20000.0,7.0,3200.0,1900.0,1.0,2017-Q4,7.017543859649122,Q4,Fall,South,2017,33.9,21.4,7.1,2.9,3.8,5.2,2017
Utah,29000.0,29000.0,2000.0,7.0,480.0,70.0,,2017-Q4,6.896551724137931,Q4,Fall,West,2017,24.3,8.9,11.0,9.2,9.4,19.8,2017
Vermont,6500.0,6500.0,470.0,7.0,10.0,10.0,,2017-Q4,7.230769230769231,Q4,Fall,Northeast,2017,96.6,44.5,22.1,55.2,5.7,1.8,2017
Virginia,9500.0,9500.0,1100.0,12.0,300.0,210.0,2.0,2017-Q4,11.578947368421053,Q4,Fall,South,2017,20.9,20.6,1.3,7.5,6.9,3.9,2017
Washington,66000.0,72000.0,4000.0,6.0,2900.0,14000.0,19.0,2017-Q4,5.555555555555555,Q4,Fall,West,2017,21.7,6.0,,0.3,0.4,0.2,2017
West Virginia,8500.0,8500.0,1200.0,14.0,70.0,1600.0,19.0,2017-Q4,14.117647058823529,Q4,Fall,South,2017,60.1,5.3,2.4,0.1,7.8,3.6,2017
Wisconsin,51000.0,55000.0,8500.0,15.0,530.0,3000.0,5.0,2017-Q4,15.454545454545453,Q4,Fall,Midwest,2017,53.1,36.9,33.1,22.8,15.3,15.2,2017
Wyoming,28000.0,29000.0,3500.0,12.0,2500.0,320.0,1.0,2017-Q4,12.068965517241379,Q4,Fall,West,2017,38.0,2.4,8.4,5.9,8.1,0.6,2017
Other,6070.0,6970.0,360.0,5.0,150.0,240.0,3.0,2017-Q4,5.164992826398852,Q4,Fall,Other,2017,11.5,1.7,3.0,2.2,1.0,2.4,2017
Alabama,7500.0,7500.0,820.0,11.0,1200.0,1500.0,20.0,2018-Q1,10.933333333333334,Q1,Winter,South,2018,29.2,30.2,1.9,14.9,8.6,4.5,2018
Arizona,25000.0,26000.0,6000.0,23.0,810.0,230.0,1.0,2018-Q1,23.076923076923077,Q1,Winter,West,2018,36.3,4.3,4.6,15.3,7.9,4.2,2018
Arkansas,22000.0,22000.0,7500.0,34.0,540.0,810.0,4.0,2018-Q1,34.090909090909086,Q1,Winter,South,2018,21.1,9.6,1.0,23.0,4.6,13.9,2018
California,1150000.0,1540000.0,215000.0,14.0,205000.0,133000.0,9.0,2018-Q1,13.96103896103896,Q1,Winter,West,2018,41.3,11.3,4.8,11.5,8.0,4.9,2018
Colorado,13000.0,21000.0,4900.0,23.0,1400.0,190.0,1.0,2018-Q1,23.333333333333332,Q1,Winter,West,2018,31.7,0.8,3.8,0.5,13.7,2.4,2018
Connecticut,2900.0,2900.0,140.0,5.0,220.0,330.0,11.0,2018-Q1,4.827586206896552,Q1,Winter,Northeast,2018,14.5,0.7,0.0,0.8,7.7,3.5,2018
Florida,245000.0,255000.0,39000.0,15.0,57000.0,38000.0,15.0,2018-Q1,15.294117647058824,Q1,Winter,South,2018,31.7,15.3,4.5,9.2,5.5,16.0,2018
Georgia,134000.0,139000.0,25000.0,18.0,29000.0,39000.0,28.0,2018-Q1,17.985611510791365,Q1,Winter,South,2018,39.6,18.7,0.9,14.8,27.1,2.1,2018
Hawaii,17000.0,17000.0,1600.0,9.0,1200.0,5000.0,29.0,2018-Q1,9.411764705882353,Q1,Winter,West,2018,83.0,84.5,0.1,0.0,0.1,,2018
Idaho,164000.0,168000.0,22000.0,13.0,2500.0,2600.0,2.0,2018-Q1,13.095238095238097,Q1,Winter,West,2018,28.3,5.7,0.8,3.4,3.4,0.4,2018
Illinois,10500.0,10500.0,2400.0,23.0,1000.0,630.0,6.0,2018-Q1,22.857142857142858,Q1,Winter,Midwest,2018,25.7,11.2,3.6,3.5,10.4,10.9,2018
Indiana,7000.0,8000.0,1000.0,13.0,300.0,30.0,,2018-Q1,12.5,Q1,Winter,Midwest,2018,33.4,8.3,3.0,0.5,9.9,3.7,2018
Iowa,41000.0,44000.0,2100.0,5.0,270.0,110.0,,2018-Q1,4.772727272727273,Q1,Winter,Midwest,2018,5.3,1.1,0.3,0.6,0.6,1.4,2018
Kansas,3700.0,3700.0,950.0,26.0,370.0,410.0,11.0,2018-Q1,25.675675675675674,Q1,Winter,Midwest,2018,63.0,20.3,1.0,4.3,27.9,9.1,2018
Kentucky,5500.0,5500.0,1200.0,22.0,760.0,20.0,,2018-Q1,21.818181818181817,Q1,Winter,South,2018,43.0,29.6,0.9,11.0,8.0,5.9,2018
Louisiana,50000.0,52000.0,3600.0,7.0,4100.0,320.0,1.0,2018-Q1,6.923076923076923,Q1,Winter,South,2018,4.9,0.7,0.2,0.7,4.5,1.6,2018
Maine,1900.0,1900.0,410.0,22.0,20.0,30.0,2.0,2018-Q1,21.578947368421055,Q1,Winter,Northeast,2018,23.6,0.6,0.2,0.0,5.2,7.4,2018
Maryland,8000.0,8000.0,1600.0,20.0,400.0,190.0,2.0,2018-Q1,20.0,Q1,Winter,South,2018,18.2,5.6,4.4,1.5,14.3,3.1,2018
Massachusetts,3700.0,3700.0,1000.0,27.0,240.0,290.0,8.0,2018-Q1,27.027027027027028,Q1,Winter,Northeast,2018,19.6,1.1,0.8,0.8,9.6,7.4,2018
Michigan,16500.0,37000.0,7000.0,19.0,4000.0,3900.0,11.0,2018-Q1,18.91891891891892,Q1,Winter,Midwest,2018,21.4,3.5,0.7,7.4,12.0,5.9,2018
Minnesota,39000.0,62000.0,3900.0,6.0,8000.0,2900.0,5.0,2018-Q1,6.290322580645161,Q1,Winter,Midwest,2018,2.0,0.7,1.9,0.6,1.1,1.6,2018
Mississippi,19000.0,32000.0,2000.0,6.0,28000.0,5500.0,17.0,2018-Q1,6.25,Q1,Winter,South,2018,7.0,4.8,,0.6,2.4,34.4,2018
Missouri,8000.0,8000.0,1400.0,18.0,1400.0,50.0,,2018-Q1,17.5,Q1,Winter,Midwest,2018,86.0,77.8,0.3,3.5,26.5,23.9,2018
Nebraska,6500.0,14000.0,430.0,3.0,0.0,0.0,0.0,2018-Q1,3.0714285714285716,Q1,Winter,Midwest,2018,4.5,1.6,0.0,2.8,1.7,0.9,2018
New Jersey,6500.0,6500.0,730.0,11.0,180.0,190.0,3.0,2018-Q1,11.23076923076923,Q1,Winter,Northeast,2018,14.9,1.9,0.0,0.4,3.8,0.8,2018
New Mexico,7500.0,7500.0,3900.0,52.0,180.0,0.0,0.0,2018-Q1,52.0,Q1,Winter,West,2018,42.8,0.5,0.0,1.3,9.4,0.5,2018
New York,26000.0,26000.0,3700.0,14.0,400.0,170.0,1.0,2018-Q1,14.23076923076923,Q1,Winter,Northeast,2018,25.3,11.9,1.4,1.9,8.0,6.0,2018
North Carolina,18500.0,18500.0,4200.0,23.0,2400.0,260.0,1.0,2018-Q1,22.702702702702705,Q1,Winter,South,2018,29.7,10.2,0.3,0.3,13.4,8.0,2018
North Dakota,66000.0,101000.0,3200.0,3.0,2600.0,10.0,,2018-Q1,3.1683168316831685,Q1,Winter,Midwest,2018,1.4,0.1,1.1,0.0,0.8,0.0,2018
Ohio,12000.0,14000.0,4500.0,32.0,300.0,580.0,4.0,2018-Q1,32.142857142857146,Q1,Winter,Midwest,2018,39.6,10.0,6.5,3.2,15.8,11.6,2018
Oklahoma,17000.0,18000.0,3700.0,21.0,890.0,240.0,1.0,2018-Q1,20.555555555555554,Q1,Winter,South,2018,24.1,8.5,3.2,0.1,3.1,2.0,2018
Oregon,81000.0,89000.0,4800.0,5.0,16500.0,3900.0,4.0,2018-Q1,5.393258426966292,Q1,Winter,West,2018,36.0,0.7,1.2,6.7,3.7,1.0,2018
Pennsylvania,14500.0,15000.0,3300.0,22.0,1200.0,670.0,4.0,2018-Q1,22.0,Q1,Winter,Northeast,2018,34.4,5.6,3.3,9.3,5.9,9.9,2018
South Carolina,13500.0,14500.0,1800.0,12.0,1900.0,2800.0,19.0,2018-Q1,12.413793103448276,Q1,Winter,South,2018,29.3,15.5,0.7,2.6,13.5,3.0,2018
South Dakota,23000.0,29000.0,390.0,1.0,250.0,90.0,,2018-Q1,1.3448275862068966,Q1,Winter,Midwest,2018,4.4,0.1,,,0.5,0.1,2018
Tennessee,10000.0,10000.0,3400.0,34.0,540.0,470.0,5.0,2018-Q1,34.0,Q1,Winter,South,2018,29.2,20.4,2.3,3.0,13.2,19.7,2018
Texas,205000.0,290000.0,32000.0,11.0,124000.0,42000.0,14.0,2018-Q1,11.03448275862069,Q1,Winter,South,2018,21.5,10.1,4.8,0.2,1.7,10.3,2018
Utah,7500.0,17000.0,620.0,4.0,490.0,50.0,,2018-Q1,3.6470588235294117,Q1,Winter,West,2018,18.7,0.0,0.1,0.0,0.1,0.5,2018
Vermont,5500.0,5500.0,810.0,15.0,20.0,0.0,0.0,2018-Q1,14.727272727272728,Q1,Winter,Northeast,2018,17.0,1.2,0.3,0.6,2.0,0.8,2018
Virginia,7000.0,7000.0,2100.0,30.0,540.0,160.0,2.0,2018-Q1,30.0,Q1,Winter,South,2018,26.0,11.3,0.3,3.9,7.7,16.3,2018
Washington,44000.0,90000.0,4600.0,5.0,7000.0,870.0,1.0,2018-Q1,5.111111111111112,Q1,Winter,West,2018,8.5,0.9,1.0,1.9,0.4,0.4,2018
West Virginia,4700.0,8500.0,2500.0,29.0,330.0,60.0,1.0,2018-Q1,29.411764705882355,Q1,Winter,South,2018,15.0,8.0,2.0,3.4,20.8,4.9,2018
Wisconsin,21000.0,29000.0,4600.0,16.0,2800.0,1600.0,6.0,2018-Q1,15.862068965517242,Q1,Winter,Midwest,2018,14.1,3.7,1.2,1.5,3.6,3.7,2018
Wyoming,5500.0,9000.0,220.0,2.0,70.0,0.0,0.0,2018-Q1,2.4444444444444446,Q1,Winter,West,2018,0.8,0.3,0.1,0.0,1.9,0.9,2018
Other,3820.0,7020.0,1870.0,27.0,160.0,40.0,1.0,2018-Q1,26.638176638176635,Q1,Winter,Other,2018,20.7,0.4,0.1,0.0,1.9,1.1,2018
Alabama,7000.0,8500.0,650.0,8.0,1700.0,710.0,8.0,2018-Q2,7.647058823529412,Q2,Spring,South,2018,25.2,27.3,1.3,14.4,9.4,2.1,2018
Arizona,19000.0,19500.0,2600.0,13.0,14000.0,2100.0,11.0,2018-Q2,13.333333333333334,Q2,Spring,West,2018,73.8,7.2,32.8,0.8,14.3,4.1,2018
Arkansas,14500.0,16000.0,2000.0,13.0,13000.0,1900.0,12.0,2018-Q2,12.5,Q2,Spring,South,2018,30.9,12.8,0.7,2.2,17.0,13.2,2018
California,1130000.0,1200000.0,110000.0,9.0,172000.0,255000.0,21.0,2018-Q2,9.166666666666666,Q2,Spring,West,2018,41.5,10.2,11.1,13.7,9.0,5.0,2018
Colorado,16500.0,27000.0,3000.0,11.0,12500.0,4700.0,17.0,2018-Q2,11.11111111111111,Q2,Spring,West,2018,41.7,,12.7,3.6,4.2,0.5,2018
Connecticut,3600.0,3600.0,120.0,3.0,340.0,170.0,5.0,2018-Q2,3.3333333333333335,Q2,Spring,Northeast,2018,11.1,0.9,0.4,0.8,0.8,0.4,2018
Florida,250000.0,275000.0,56000.0,20.0,49000.0,68000.0,25.0,2018-Q2,20.363636363636363,Q2,Spring,South,2018,45.3,27.5,9.6,15.5,10.1,21.1,2018
Georgia,131000.0,137000.0,18000.0,13.0,35000.0,16000.0,12.0,2018-Q2,13.138686131386862,Q2,Spring,South,2018,53.0,25.9,13.8,14.8,31.4,10.1,2018
Hawaii,16500.0,16500.0,380.0,2.0,330.0,3100.0,19.0,2018-Q2,2.3030303030303028,Q2,Spring,West,2018,88.3,91.9,0.4,0.0,0.8,0.2,2018
Idaho,59000.0,94000.0,6500.0,7.0,14500.0,29000.0,31.0,2018-Q2,6.914893617021277,Q2,Spring,West,2018,51.6,3.7,3.0,18.5,4.1,4.4,2018
Illinois,10000.0,10500.0,2300.0,22.0,5000.0,2900.0,28.0,2018-Q2,21.904761904761905,Q2,Spring,Midwest,2018,13.7,7.8,6.7,6.6,9.9,2.4,2018
Indiana,8000.0,9500.0,1800.0,19.0,4000.0,730.0,8.0,2018-Q2,18.947368421052634,Q2,Spring,Midwest,2018,78.0,3.5,0.4,4.5,1.3,1.1,2018
Iowa,45000.0,47000.0,4300.0,9.0,15500.0,4800.0,10.0,2018-Q2,9.148936170212766,Q2,Spring,Midwest,2018,12.7,9.3,0.9,7.9,8.4,0.3,2018
Kansas,3900.0,3900.0,300.0,8.0,3500.0,2100.0,54.0,2018-Q2,7.6923076923076925,Q2,Spring,Midwest,2018,42.8,31.6,1.3,24.9,2.1,1.6,2018
Kentucky,5500.0,6000.0,910.0,15.0,1500.0,560.0,9.0,2018-Q2,15.166666666666668,Q2,Spring,South,2018,40.9,20.2,0.6,1.0,4.1,5.9,2018
Louisiana,48000.0,48000.0,1400.0,3.0,4900.0,4000.0,8.0,2018-Q2,2.9166666666666665,Q2,Spring,South,2018,8.1,5.9,0.2,0.8,1.2,1.3,2018
Maine,2200.0,23000.0,3100.0,13.0,430.0,790.0,3.0,2018-Q2,13.478260869565217,Q2,Spring,Northeast,2018,1.4,0.8,0.2,1.3,0.5,,2018
Maryland,7000.0,8000.0,370.0,5.0,2400.0,1200.0,15.0,2018-Q2,4.625,Q2,Spring,South,2018,11.8,3.4,0.8,0.3,4.4,0.4,2018
Massachusetts,3500.0,8000.0,260.0,3.0,910.0,350.0,4.0,2018-Q2,3.25,Q2,Spring,Northeast,2018,6.3,1.1,1.0,1.4,2.0,2.1,2018
Michigan,37000.0,70000.0,7500.0,11.0,23000.0,8500.0,12.0,2018-Q2,10.714285714285714,Q2,Spring,Midwest,2018,75.4,18.6,10.8,11.7,12.7,9.8,2018
Minnesota,69000.0,116000.0,8500.0,7.0,42000.0,25000.0,22.0,2018-Q2,7.327586206896551,Q2,Spring,Midwest,2018,12.9,9.3,7.2,6.0,8.0,20.7,2018
Mississippi,50000.0,50000.0,3400.0,7.0,4000.0,7000.0,14.0,2018-Q2,6.800000000000001,Q2,Spring,South,2018,44.6,26.2,0.0,0.2,3.5,2.2,2018
Missouri,7000.0,7000.0,390.0,6.0,2100.0,800.0,11.0,2018-Q2,5.571428571428571,Q2,Spring,Midwest,2018,11.8,13.2,0.8,1.5,8.3,2.6,2018
Montana,50000.0,176000.0,5500.0,3.0,17000.0,22000.0,13.0,2018-Q2,3.125,Q2,Spring,West,2018,42.9,4.7,3.3,1.7,0.9,1.2,2018
Nebraska,10500.0,46000.0,2100.0,5.0,4000.0,900.0,2.0,2018-Q2,4.565217391304348,Q2,Spring,Midwest,2018,5.0,1.4,1.4,4.2,9.0,5.5,2018
New Jersey,4400.0,15000.0,270.0,2.0,1300.0,170.0,1.0,2018-Q2,1.7999999999999998,Q2,Spring,Northeast,2018,16.5,3.3,,0.1,3.4,0.1,2018
New Mexico,1900.0,4300.0,50.0,1.0,1700.0,450.0,10.0,2018-Q2,1.1627906976744187,Q2,Spring,West,2018,0.3,0.1,0.3,0.0,0.2,1.0,2018
New York,20000.0,42000.0,2700.0,6.0,11000.0,2400.0,6.0,2018-Q2,6.428571428571428,Q2,Spring,Northeast,2018,39.6,20.0,15.0,6.6,16.7,3.7,2018
North Carolina,16000.0,17500.0,2500.0,14.0,4100.0,800.0,5.0,2018-Q2,14.285714285714285,Q2,Spring,South,2018,9.7,2.6,0.5,2.4,14.6,0.8,2018
North Dakota,74000.0,460000.0,23000.0,5.0,23000.0,64000.0,14.0,2018-Q2,5.0,Q2,Spring,Midwest,2018,34.8,7.9,4.9,4.7,4.9,4.3,2018
Ohio,11000.0,13000.0,1500.0,12.0,9000.0,2100.0,16.0,2018-Q2,11.538461538461538,Q2,Spring,Midwest,2018,38.8,30.7,1.7,2.7,21.6,1.5,2018
Oklahoma,15500.0,15500.0,1700.0,11.0,10500.0,6500.0,42.0,2018-Q2,10.967741935483872,Q2,Spring,South,2018,60.2,10.9,9.6,26.7,12.4,0.1,2018
Oregon,41000.0,107000.0,3400.0,3.0,17500.0,24000.0,22.0,2018-Q2,3.177570093457944,Q2,Spring,West,2018,46.1,3.5,8.1,6.6,15.6,0.2,2018
Pennsylvania,15500.0,19500.0,1100.0,6.0,6000.0,1600.0,8.0,2018-Q2,5.641025641025641,Q2,Spring,Northeast,2018,31.3,16.0,2.2,2.0,1.6,1.9,2018
South Carolina,14000.0,14000.0,1300.0,9.0,2600.0,4000.0,29.0,2018-Q2,9.285714285714286,Q2,Spring,South,2018,14.2,3.5,0.7,1.6,10.0,3.0,2018
South Dakota,10000.0,169000.0,17000.0,10.0,12500.0,65000.0,38.0,2018-Q2,10.059171597633137,Q2,Spring,Midwest,2018,55.1,40.4,7.3,3.8,37.5,,2018
Tennessee,8000.0,8000.0,1200.0,15.0,3800.0,1300.0,16.0,2018-Q2,15.0,Q2,Spring,South,2018,30.0,22.9,3.0,3.4,6.2,2.5,2018
Texas,305000.0,315000.0,38000.0,12.0,79000.0,71000.0,23.0,2018-Q2,12.063492063492063,Q2,Spring,South,2018,26.5,17.7,8.1,4.5,8.5,14.6,2018
Utah,14500.0,26000.0,1900.0,7.0,9500.0,4100.0,16.0,2018-Q2,7.307692307692308,Q2,Spring,West,2018,43.5,3.7,2.0,1.7,1.4,1.9,2018
Vermont,5500.0,6500.0,520.0,8.0,2600.0,140.0,2.0,2018-Q2,8.0,Q2,Spring,Northeast,2018,21.8,1.5,0.7,16.7,1.8,0.1,2018
Virginia,5000.0,6000.0,500.0,8.0,2600.0,700.0,12.0,2018-Q2,8.333333333333332,Q2,Spring,South,2018,22.7,18.8,3.2,1.3,23.1,1.5,2018
Washington,55000.0,122000.0,7500.0,6.0,15500.0,19000.0,16.0,2018-Q2,6.147540983606557,Q2,Spring,West,2018,55.9,9.4,7.6,7.6,7.1,0.6,2018
West Virginia,7000.0,7000.0,570.0,8.0,2300.0,550.0,8.0,2018-Q2,8.142857142857144,Q2,Spring,South,2018,13.8,7.5,0.9,2.9,13.6,7.9,2018
Wisconsin,26000.0,56000.0,6500.0,12.0,12000.0,7000.0,13.0,2018-Q2,11.607142857142858,Q2,Spring,Midwest,2018,32.1,16.9,18.3,27.1,29.5,0.8,2018
Wyoming,8500.0,28000.0,2300.0,8.0,5500.0,2200.0,8.0,2018-Q2,8.214285714285714,Q2,Spring,West,2018,9.6,0.1,2.1,2.1,2.7,3.7,2018
Other,4380.0,8670.0,380.0,4.0,1750.0,1030.0,12.0,2018-Q2,4.382929642445213,Q2,Spring,Other,2018,19.8,0.9,0.9,,3.5,0.2,2018
Alabama,8500.0,8500.0,1700.0,20.0,1600.0,1300.0,15.0,2018-Q3,20.0,Q3,Summer,South,2018,77.5,69.4,0.7,14.6,7.8,6.8,2018
Arizona,31000.0,31000.0,8000.0,26.0,3200.0,3100.0,10.0,2018-Q3,25.806451612903224,Q3,Summer,West,2018,52.5,2.3,4.5,3.8,15.0,27.6,2018
Arkansas,29000.0,29000.0,2300.0,8.0,2600.0,840.0,3.0,2018-Q3,7.931034482758621,Q3,Summer,South,2018,29.9,7.8,0.1,17.6,0.5,0.6,2018
California,590000.0,700000.0,73000.0,10.0,63000.0,141000.0,20.0,2018-Q3,10.428571428571429,Q3,Summer,West,2018,57.3,6.6,4.5,17.8,12.0,3.6,2018
Colorado,34000.0,35000.0,5000.0,14.0,1500.0,5000.0,14.0,2018-Q3,14.285714285714285,Q3,Summer,West,2018,72.6,16.6,5.6,2.9,8.5,4.5,2018
Connecticut,3200.0,3200.0,130.0,4.0,80.0,310.0,10.0,2018-Q3,4.0625,Q3,Summer,Northeast,2018,13.0,0.0,0.0,1.4,2.5,1.2,2018
Florida,197000.0,220000.0,30000.0,14.0,53000.0,40000.0,18.0,2018-Q3,13.636363636363635,Q3,Summer,South,2018,35.0,20.5,4.2,7.6,14.3,9.8,2018
Georgia,134000.0,138000.0,17000.0,12.0,27000.0,33000.0,24.0,2018-Q3,12.318840579710146,Q3,Summer,South,2018,49.8,20.4,2.4,27.7,6.0,7.2,2018
Hawaii,16500.0,16500.0,1800.0,11.0,1700.0,3000.0,18.0,2018-Q3,10.909090909090908,Q3,Summer,West,2018,88.3,89.4,0.1,0.1,0.1,0.0,2018
Idaho,82000.0,101000.0,14000.0,14.0,15000.0,21000.0,21.0,2018-Q3,13.861386138613863,Q3,Summer,West,2018,83.6,5.4,14.6,26.5,13.8,5.7,2018
Illinois,11000.0,11000.0,660.0,6.0,700.0,420.0,4.0,2018-Q3,6.0,Q3,Summer,Midwest,2018,21.2,10.6,2.1,5.1,1.5,7.0,2018
Indiana,11500.0,11500.0,990.0,9.0,520.0,1200.0,10.0,2018-Q3,8.608695652173912,Q3,Summer,Midwest,2018,29.5,12.2,1.4,20.6,5.0,0.5,2018
Iowa,56000.0,57000.0,3600.0,6.0,1200.0,990.0,2.0,2018-Q3,6.315789473684211,Q3,Summer,Midwest,2018,29.9,9.8,8.5,0.4,1.9,0.4,2018
Kansas,6000.0,6000.0,950.0,16.0,300.0,180.0,3.0,2018-Q3,15.833333333333332,Q3,Summer,Midwest,2018,76.8,51.1,6.6,8.0,23.7,7.9,2018
Kentucky,6500.0,7000.0,840.0,12.0,300.0,660.0,9.0,2018-Q3,12.0,Q3,Summer,South,2018,47.1,26.5,1.6,1.5,4.5,7.6,2018
Louisiana,53000.0,53000.0,1900.0,4.0,1600.0,2300.0,4.0,2018-Q3,3.5849056603773586,Q3,Summer,South,2018,31.3,29.9,0.2,1.7,1.0,1.6,2018
Maine,12500.0,12500.0,890.0,7.0,60.0,170.0,1.0,2018-Q3,7.12,Q3,Summer,Northeast,2018,37.0,1.0,1.1,0.0,3.5,0.5,2018
Maryland,7500.0,7500.0,360.0,5.0,580.0,680.0,9.0,2018-Q3,4.8,Q3,Summer,South,2018,11.7,6.0,0.3,0.6,1.1,3.8,2018
Massachusetts,8000.0,10000.0,2200.0,22.0,850.0,730.0,7.0,2018-Q3,22.0,Q3,Summer,Northeast,2018,75.9,11.2,10.7,10.1,1.1,10.3,2018
Michigan,88000.0,88000.0,8000.0,9.0,3000.0,22000.0,25.0,2018-Q3,9.090909090909092,Q3,Summer,Midwest,2018,92.4,13.8,1.1,23.8,19.5,18.6,2018
Minnesota,121000.0,127000.0,29000.0,23.0,1600.0,6500.0,5.0,2018-Q3,22.83464566929134,Q3,Summer,Midwest,2018,44.5,12.4,6.0,28.4,9.3,8.1,2018
Mississippi,16500.0,16500.0,2900.0,18.0,110.0,650.0,4.0,2018-Q3,17.575757575757574,Q3,Summer,South,2018,25.2,8.6,,0.5,7.5,7.2,2018
Missouri,10000.0,10000.0,540.0,5.0,260.0,410.0,4.0,2018-Q3,5.4,Q3,Summer,Midwest,2018,18.2,16.9,1.2,1.2,7.5,1.1,2018
Montana,145000.0,153000.0,18500.0,12.0,3100.0,22000.0,14.0,2018-Q3,12.091503267973856,Q3,Summer,West,2018,43.8,18.5,18.0,6.8,21.8,2.7,2018
Nebraska,52000.0,54000.0,6500.0,12.0,8500.0,5000.0,9.0,2018-Q3,12.037037037037036,Q3,Summer,Midwest,2018,24.1,3.2,5.9,6.5,4.3,4.0,2018
New Jersey,14000.0,14000.0,320.0,2.0,250.0,220.0,2.0,2018-Q3,2.2857142857142856,Q3,Summer,Northeast,2018,12.3,5.1,0.2,0.1,1.0,0.4,2018
New Mexico,6000.0,7000.0,1200.0,17.0,3800.0,1000.0,14.0,2018-Q3,17.142857142857142,Q3,Summer,West,2018,0.0,0.0,0.0,12.3,0.4,0.2,2018
New York,55000.0,56000.0,3900.0,7.0,3600.0,3700.0,7.0,2018-Q3,6.964285714285714,Q3,Summer,Northeast,2018,40.7,20.6,18.6,24.4,22.9,10.2,2018
North Carolina,18000.0,18000.0,2200.0,12.0,2600.0,2000.0,11.0,2018-Q3,12.222222222222221,Q3,Summer,South,2018,66.0,17.9,11.4,8.4,11.4,3.1,2018
North Dakota,455000.0,490000.0,59000.0,12.0,23000.0,14500.0,3.0,2018-Q3,12.040816326530612,Q3,Summer,Midwest,2018,52.6,11.5,9.6,10.4,10.9,1.2,2018
Ohio,16000.0,16000.0,1300.0,8.0,1300.0,2100.0,13.0,2018-Q3,8.125,Q3,Summer,Midwest,2018,58.9,40.9,2.6,1.3,11.9,1.2,2018
Oklahoma,2100.0,2100.0,370.0,18.0,20.0,10.0,,2018-Q3,17.61904761904762,Q3,Summer,South,2018,59.6,51.1,0.1,23.5,17.2,23.4,2018
Oregon,116000.0,117000.0,13000.0,11.0,3000.0,49000.0,42.0,2018-Q3,11.11111111111111,Q3,Summer,West,2018,57.2,2.8,7.0,45.1,10.7,0.8,2018
Pennsylvania,20000.0,21000.0,860.0,4.0,2900.0,2300.0,11.0,2018-Q3,4.095238095238096,Q3,Summer,Northeast,2018,23.5,8.1,1.9,1.6,1.7,2.6,2018
South Carolina,9500.0,11500.0,1400.0,12.0,670.0,1100.0,10.0,2018-Q3,12.173913043478262,Q3,Summer,South,2018,76.8,53.4,0.7,32.4,7.6,0.9,2018
South Dakota,168000.0,197000.0,22000.0,11.0,8000.0,6500.0,3.0,2018-Q3,11.16751269035533,Q3,Summer,Midwest,2018,54.7,32.9,3.3,8.5,45.0,1.6,2018
Tennessee,9000.0,9000.0,900.0,10.0,540.0,1000.0,11.0,2018-Q3,10.0,Q3,Summer,South,2018,70.6,53.2,0.7,13.2,5.6,2.1,2018
Texas,112000.0,124000.0,7500.0,6.0,7500.0,9500.0,8.0,2018-Q3,6.048387096774194,Q3,Summer,South,2018,18.8,4.4,0.4,6.2,2.8,0.9,2018
Utah,30000.0,30000.0,4400.0,15.0,970.0,1400.0,5.0,2018-Q3,14.666666666666666,Q3,Summer,West,2018,34.0,15.5,0.1,0.2,1.0,0.7,2018
Vermont,7000.0,7000.0,90.0,1.0,1200.0,80.0,1.0,2018-Q3,1.2857142857142856,Q3,Summer,Northeast,2018,29.3,4.9,4.3,24.1,0.3,0.0,2018
Virginia,7500.0,7500.0,610.0,8.0,1000.0,990.0,13.0,2018-Q3,8.133333333333333,Q3,Summer,South,2018,39.0,28.5,2.6,7.7,11.6,1.7,2018
Washington,76000.0,84000.0,12000.0,14.0,7000.0,3600.0,4.0,2018-Q3,14.285714285714285,Q3,Summer,West,2018,7.1,0.6,0.6,2.7,9.9,2.8,2018
West Virginia,7500.0,8000.0,520.0,7.0,170.0,1200.0,15.0,2018-Q3,6.5,Q3,Summer,South,2018,57.0,52.6,0.3,0.3,6.8,2.1,2018
Wisconsin,61000.0,69000.0,10000.0,14.0,2400.0,3800.0,6.0,2018-Q3,14.492753623188406,Q3,Summer,Midwest,2018,54.4,32.7,2.6,19.5,6.1,4.3,2018
Wyoming,33000.0,34000.0,3900.0,11.0,1800.0,3900.0,11.0,2018-Q3,11.470588235294118,Q3,Summer,West,2018,35.4,2.8,2.2,9.0,3.3,4.0,2018
Other,6490.0,9990.0,890.0,9.0,480.0,440.0,4.0,2018-Q3,8.90890890890891,Q3,Summer,Other,2018,22.8,2.4,1.3,2.9,4.9,0.7,2018
Alabama,6500.0,6500.0,830.0,13.0,210.0,1300.0,20.0,2018-Q4,12.769230769230768,Q4,Fall,South,2018,20.6,20.5,1.3,1.5,3.4,7.5,2018
Arizona,26000.0,27000.0,5000.0,19.0,2200.0,330.0,1.0,2018-Q4,18.51851851851852,Q4,Fall,West,2018,20.6,8.3,3.1,,7.1,3.0,2018
Arkansas,30000.0,31000.0,6000.0,19.0,110.0,230.0,1.0,2018-Q4,19.35483870967742,Q4,Fall,South,2018,82.8,7.1,0.0,73.5,5.3,2.2,2018
California,680000.0,1200000.0,170000.0,14.0,86000.0,46000.0,4.0,2018-Q4,14.166666666666666,Q4,Fall,West,2018,44.1,16.6,9.8,11.6,9.3,7.1,2018
Colorado,30000.0,30000.0,3500.0,12.0,370.0,10.0,,2018-Q4,11.666666666666666,Q4,Fall,West,2018,73.2,5.9,1.0,,6.1,1.2,2018
Connecticut,3500.0,3500.0,220.0,6.0,0.0,60.0,2.0,2018-Q4,6.2857142857142865,Q4,Fall,Northeast,2018,12.5,3.6,2.3,0.9,4.2,2.3,2018
Florida,240000.0,290000.0,43000.0,15.0,53000.0,20000.0,7.0,2018-Q4,14.827586206896552,Q4,Fall,South,2018,46.7,22.4,9.0,14.1,8.0,6.7,2018
Georgia,148000.0,164000.0,19500.0,12.0,6500.0,49000.0,30.0,2018-Q4,11.890243902439025,Q4,Fall,South,2018,41.4,17.4,9.2,6.9,5.6,7.8,2018
Hawaii,16000.0,16000.0,940.0,6.0,1700.0,6000.0,38.0,2018-Q4,5.875,Q4,Fall,West,2018,70.5,83.3,,0.0,0.1,0.0,2018
Idaho,99000.0,159000.0,15000.0,9.0,9000.0,910.0,1.0,2018-Q4,9.433962264150944,Q4,Fall,West,2018,64.9,47.4,9.6,15.9,7.0,4.5,2018
Illinois,12000.0,12000.0,1400.0,12.0,600.0,350.0,3.0,2018-Q4,11.666666666666666,Q4,Fall,Midwest,2018,27.2,13.1,2.4,2.8,6.9,5.7,2018
Indiana,9000.0,9000.0,3300.0,37.0,40.0,1200.0,13.0,2018-Q4,36.666666666666664,Q4,Fall,Midwest,2018,51.3,21.3,23.8,64.6,35.4,2.3,2018
Iowa,21000.0,21000.0,4200.0,20.0,630.0,80.0,,2018-Q4,20.0,Q4,Fall,Midwest,2018,55.1,27.2,8.9,31.6,29.4,5.6,2018
Kansas,5500.0,5500.0,1000.0,18.0,420.0,10.0,,2018-Q4,18.181818181818183,Q4,Fall,Midwest,2018,62.0,31.3,26.0,43.7,1.6,26.4,2018
Kentucky,7000.0,7000.0,2000.0,29.0,60.0,430.0,6.0,2018-Q4,28.57142857142857,Q4,Fall,South,2018,57.1,41.9,1.2,6.8,5.5,4.3,2018
Louisiana,50000.0,52000.0,2600.0,5.0,130.0,200.0,,2018-Q4,5.0,Q4,Fall,South,2018,16.6,6.7,0.3,5.9,1.0,1.7,2018
Maine,12000.0,12000.0,1400.0,12.0,210.0,880.0,7.0,2018-Q4,11.666666666666666,Q4,Fall,Northeast,2018,9.3,5.1,,0.0,1.2,0.1,2018
Maryland,7000.0,9000.0,690.0,8.0,60.0,90.0,1.0,2018-Q4,7.666666666666666,Q4,Fall,South,2018,16.6,5.3,0.3,1.2,4.9,1.7,2018
Massachusetts,4900.0,4900.0,650.0,13.0,110.0,320.0,7.0,2018-Q4,13.26530612244898,Q4,Fall,Northeast,2018,33.2,9.2,8.1,9.4,3.4,5.3,2018
Michigan,77000.0,77000.0,6000.0,8.0,3900.0,1800.0,2.0,2018-Q4,7.792207792207792,Q4,Fall,Midwest,2018,52.0,31.2,15.6,15.1,2.4,6.6,2018
Minnesota,84000.0,86000.0,11500.0,13.0,2500.0,590.0,1.0,2018-Q4,13.372093023255813,Q4,Fall,Midwest,2018,28.4,5.2,4.2,7.9,3.8,2.4,2018
Mississippi,14500.0,25000.0,2000.0,8.0,330.0,50.0,,2018-Q4,8.0,Q4,Fall,South,2018,26.5,6.7,0.2,0.5,3.0,4.5,2018
Missouri,10000.0,10000.0,880.0,9.0,170.0,150.0,2.0,2018-Q4,8.799999999999999,Q4,Fall,Midwest,2018,37.0,10.0,1.1,2.3,1.9,4.1,2018
Montana,98000.0,102000.0,5500.0,5.0,3100.0,500.0,,2018-Q4,5.392156862745098,Q4,Fall,West,2018,40.7,13.0,5.6,17.5,2.9,,2018
Nebraska,45000.0,45000.0,5000.0,11.0,7000.0,840.0,2.0,2018-Q4,11.11111111111111,Q4,Fall,Midwest,2018,3.0,0.7,0.7,0.3,2.9,1.0,2018
New Jersey,15500.0,15500.0,1300.0,8.0,30.0,80.0,1.0,2018-Q4,8.38709677419355,Q4,Fall,Northeast,2018,14.0,3.2,0.1,0.0,5.4,0.3,2018
New Mexico,8000.0,8000.0,3000.0,38.0,50.0,0.0,0.0,2018-Q4,37.5,Q4,Fall,West,2018,81.3,0.8,3.7,0.1,8.0,1.2,2018
New York,53000.0,53000.0,4400.0,8.0,1000.0,1500.0,3.0,2018-Q4,8.30188679245283,Q4,Fall,Northeast,2018,26.0,4.5,7.8,2.4,7.8,0.7,2018
North Carolina,16000.0,16000.0,2700.0,17.0,250.0,300.0,2.0,2018-Q4,16.875,Q4,Fall,South,2018,53.0,10.4,3.8,2.0,11.1,5.2,2018
North Dakota,430000.0,435000.0,29000.0,7.0,7500.0,1500.0,,2018-Q4,6.666666666666667,Q4,Fall,Midwest,2018,29.5,9.4,8.1,10.6,4.3,4.6,2018
Ohio,15500.0,15500.0,2100.0,14.0,170.0,450.0,3.0,2018-Q4,13.548387096774196,Q4,Fall,Midwest,2018,29.3,5.8,0.1,8.1,2.4,9.9,2018
Oklahoma,2200.0,57000.0,2500.0,4.0,60.0,20.0,,2018-Q4,4.385964912280701,Q4,Fall,South,2018,13.1,0.4,,0.0,,0.3,2018
Oregon,89000.0,101000.0,13000.0,13.0,10500.0,12000.0,12.0,2018-Q4,12.871287128712872,Q4,Fall,West,2018,44.1,4.6,16.0,14.8,0.9,0.2,2018
Pennsylvania,21000.0,21000.0,4000.0,19.0,270.0,1500.0,7.0,2018-Q4,19.047619047619047,Q4,Fall,Northeast,2018,26.9,10.7,6.7,13.0,7.8,5.4,2018
South Carolina,10000.0,12500.0,1500.0,12.0,770.0,790.0,6.0,2018-Q4,12.0,Q4,Fall,South,2018,32.2,16.1,0.3,1.4,1.3,5.5,2018
South Dakota,140000.0,140000.0,21000.0,15.0,2000.0,430.0,,2018-Q4,15.0,Q4,Fall,Midwest,2018,12.8,1.3,7.0,1.6,2.1,2.5,2018
Tennessee,8000.0,8500.0,1900.0,22.0,30.0,370.0,4.0,2018-Q4,22.35294117647059,Q4,Fall,South,2018,49.8,20.8,1.9,11.4,9.1,5.1,2018
Texas,116000.0,260000.0,17000.0,7.0,11000.0,70.0,,2018-Q4,6.538461538461539,Q4,Fall,South,2018,18.6,18.5,5.5,3.0,6.2,3.7,2018
Utah,27000.0,27000.0,3400.0,13.0,180.0,400.0,1.0,2018-Q4,12.592592592592592,Q4,Fall,West,2018,48.0,9.8,5.5,8.0,6.5,4.9,2018
Vermont,6500.0,6500.0,170.0,3.0,10.0,20.0,,2018-Q4,2.6153846153846154,Q4,Fall,Northeast,2018,6.2,1.3,0.0,0.0,0.8,0.7,2018
Virginia,7000.0,7000.0,1100.0,16.0,80.0,1300.0,19.0,2018-Q4,15.714285714285714,Q4,Fall,South,2018,57.1,38.4,12.1,13.1,5.8,2.8,2018
Washington,75000.0,81000.0,11000.0,14.0,5500.0,1400.0,2.0,2018-Q4,13.580246913580247,Q4,Fall,West,2018,34.5,0.5,11.7,4.9,3.3,1.3,2018
West Virginia,7000.0,7000.0,1200.0,17.0,50.0,70.0,1.0,2018-Q4,17.142857142857142,Q4,Fall,South,2018,29.5,15.2,0.6,7.2,4.2,6.8,2018
Wisconsin,48000.0,48000.0,8500.0,18.0,1600.0,530.0,1.0,2018-Q4,17.708333333333336,Q4,Fall,Midwest,2018,29.9,28.3,1.5,24.5,7.6,5.2,2018
Wyoming,30000.0,32000.0,2700.0,8.0,220.0,0.0,0.0,2018-Q4,8.4375,Q4,Fall,West,2018,43.9,7.9,2.6,6.8,1.0,1.4,2018
Other,8370.0,8670.0,1150.0,13.0,20.0,500.0,6.0,2018-Q4,13.264129181084197,Q4,Fall,Other,2018,12.7,0.2,0.2,5.4,1.5,5.4,2018
Alabama,5500.0,5500.0,650.0,12.0,800.0,200.0,4.0,2019-Q1,11.818181818181818,Q1,Winter,South,2019,27.2,22.7,1.8,0.3,3.1,9.0,2019
Arizona,22000.0,22000.0,2500.0,11.0,430.0,90.0,,2019-Q1,11.363636363636363,Q1,Winter,West,2019,25.8,7.9,6.5,16.2,8.4,0.2,2019
Arkansas,28000.0,28000.0,6500.0,23.0,20.0,20.0,,2019-Q1,23.214285714285715,Q1,Winter,South,2019,19.5,1.5,3.3,55.3,0.7,2.9,2019
California,1140000.0,1580000.0,235000.0,15.0,83000.0,86000.0,5.0,2019-Q1,14.873417721518987,Q1,Winter,West,2019,43.5,13.4,6.4,12.3,8.7,5.6,2019
Colorado,5000.0,7500.0,320.0,4.0,0.0,0.0,0.0,2019-Q1,4.266666666666667,Q1,Winter,West,2019,11.2,0.3,0.0,0.0,2.5,0.6,2019
Connecticut,3100.0,3100.0,270.0,9.0,170.0,10.0,,2019-Q1,8.709677419354838,Q1,Winter,Northeast,2019,10.1,1.3,0.0,0.0,3.6,1.7,2019
Florida,300000.0,315000.0,46000.0,15.0,41000.0,16500.0,5.0,2019-Q1,14.603174603174605,Q1,Winter,South,2019,46.9,24.8,5.5,22.9,7.4,5.5,2019
Georgia,120000.0,129000.0,14500.0,11.0,19500.0,8000.0,6.0,2019-Q1,11.24031007751938,Q1,Winter,South,2019,69.6,17.8,7.4,9.6,10.6,4.9,2019
Hawaii,16500.0,16500.0,390.0,2.0,660.0,3700.0,22.0,2019-Q1,2.3636363636363638,Q1,Winter,West,2019,72.1,64.9,0.1,0.7,2.9,0.0,2019
Idaho,132000.0,145000.0,12500.0,9.0,4600.0,1100.0,1.0,2019-Q1,8.620689655172415,Q1,Winter,West,2019,24.5,8.0,8.0,9.2,8.6,,2019
Illinois,9000.0,9000.0,2300.0,26.0,210.0,80.0,1.0,2019-Q1,25.555555555555554,Q1,Winter,Midwest,2019,33.3,14.7,3.1,0.7,15.5,10.1,2019
Indiana,6000.0,6000.0,710.0,12.0,440.0,280.0,5.0,2019-Q1,11.833333333333334,Q1,Winter,Midwest,2019,15.6,8.8,2.6,5.5,7.1,1.7,2019
Iowa,7500.0,11500.0,1600.0,14.0,170.0,140.0,1.0,2019-Q1,13.91304347826087,Q1,Winter,Midwest,2019,34.8,1.7,0.6,0.3,7.7,3.5,2019
Kansas,4500.0,4500.0,1500.0,33.0,370.0,110.0,2.0,2019-Q1,33.33333333333333,Q1,Winter,Midwest,2019,86.9,7.8,2.5,12.2,21.6,4.0,2019
Kentucky,3700.0,4400.0,890.0,20.0,60.0,30.0,1.0,2019-Q1,20.227272727272727,Q1,Winter,South,2019,21.6,12.9,0.1,5.3,10.7,4.6,2019
Louisiana,49000.0,51000.0,3500.0,7.0,9000.0,16000.0,31.0,2019-Q1,6.862745098039216,Q1,Winter,South,2019,57.8,1.3,0.1,0.3,1.0,0.7,2019
Maine,7000.0,7000.0,470.0,7.0,10.0,30.0,,2019-Q1,6.714285714285714,Q1,Winter,Northeast,2019,2.3,0.1,0.0,0.0,1.4,0.8,2019
Maryland,8000.0,8000.0,2300.0,29.0,30.0,10.0,,2019-Q1,28.749999999999996,Q1,Winter,South,2019,12.6,5.1,0.2,,10.1,2.4,2019
Massachusetts,3800.0,3800.0,680.0,18.0,60.0,20.0,1.0,2019-Q1,17.894736842105264,Q1,Winter,Northeast,2019,10.3,0.0,0.0,4.3,6.3,0.9,2019
Michigan,24000.0,33000.0,6500.0,20.0,0.0,0.0,0.0,2019-Q1,19.696969696969695,Q1,Winter,Midwest,2019,18.2,5.8,1.5,0.2,12.2,0.7,2019
Minnesota,17000.0,43000.0,2200.0,5.0,80.0,470.0,1.0,2019-Q1,5.116279069767442,Q1,Winter,Midwest,2019,1.3,0.2,1.9,0.0,2.0,0.8,2019
Mississippi,26000.0,29000.0,2400.0,8.0,3800.0,1700.0,6.0,2019-Q1,8.275862068965518,Q1,Winter,South,2019,14.6,71.0,64.8,48.4,1.9,5.5,2019
Missouri,8500.0,8500.0,1100.0,13.0,80.0,60.0,1.0,2019-Q1,12.941176470588237,Q1,Winter,Midwest,2019,5.4,2.3,1.9,0.5,5.4,3.2,2019
Montana,37000.0,68000.0,3500.0,5.0,1700.0,1900.0,3.0,2019-Q1,5.147058823529411,Q1,Winter,West,2019,15.1,,0.0,0.8,0.8,1.1,2019
Nebraska,13500.0,16500.0,2500.0,15.0,0.0,0.0,0.0,2019-Q1,15.151515151515152,Q1,Winter,Midwest,2019,32.3,1.3,32.0,0.8,2.2,0.1,2019
New Jersey,6000.0,6000.0,310.0,5.0,130.0,60.0,1.0,2019-Q1,5.166666666666667,Q1,Winter,Northeast,2019,15.3,4.4,0.0,0.0,3.5,0.6,2019
New Mexico,4800.0,4800.0,170.0,4.0,0.0,0.0,0.0,2019-Q1,3.5416666666666665,Q1,Winter,West,2019,3.5,1.1,0.6,0.0,1.4,0.3,2019
New York,24000.0,24000.0,3400.0,14.0,110.0,80.0,,2019-Q1,14.166666666666666,Q1,Winter,Northeast,2019,10.6,2.5,1.7,1.7,7.7,9.0,2019
North Carolina,10500.0,14500.0,1700.0,12.0,750.0,890.0,6.0,2019-Q1,11.724137931034482,Q1,Winter,South,2019,16.4,2.0,0.2,0.7,2.2,3.4,2019
North Dakota,92000.0,102000.0,1100.0,1.0,0.0,1300.0,1.0,2019-Q1,1.0784313725490196,Q1,Winter,Midwest,2019,6.9,0.0,0.0,6.5,0.4,1.3,2019
Ohio,10500.0,12500.0,3500.0,28.0,1700.0,440.0,4.0,2019-Q1,28.000000000000004,Q1,Winter,Midwest,2019,49.3,9.9,11.1,1.1,6.7,3.1,2019
Oregon,89000.0,95000.0,7500.0,8.0,8000.0,1800.0,2.0,2019-Q1,7.894736842105263,Q1,Winter,West,2019,18.0,0.1,0.2,0.2,2.7,0.5,2019
Pennsylvania,15000.0,15000.0,2900.0,19.0,370.0,320.0,2.0,2019-Q1,19.333333333333332,Q1,Winter,Northeast,2019,15.3,4.6,3.7,4.0,7.5,9.5,2019
South Carolina,12000.0,13000.0,690.0,5.0,2000.0,340.0,3.0,2019-Q1,5.3076923076923075,Q1,Winter,South,2019,18.5,14.5,,1.7,12.4,1.0,2019
South Dakota,18500.0,18500.0,1100.0,6.0,0.0,0.0,0.0,2019-Q1,5.9459459459459465,Q1,Winter,Midwest,2019,0.8,,0.0,2.5,0.8,2.2,2019
Tennessee,6000.0,7000.0,1500.0,21.0,240.0,320.0,5.0,2019-Q1,21.428571428571427,Q1,Winter,South,2019,62.8,23.6,5.1,0.9,7.7,7.1,2019
Texas,260000.0,330000.0,17000.0,5.0,61000.0,35000.0,11.0,2019-Q1,5.151515151515151,Q1,Winter,South,2019,26.1,6.5,5.3,8.3,6.9,3.0,2019
Utah,8500.0,11000.0,1800.0,16.0,900.0,0.0,0.0,2019-Q1,16.363636363636363,Q1,Winter,West,2019,22.9,0.0,0.1,0.0,0.3,8.8,2019
Vermont,6500.0,6500.0,260.0,4.0,50.0,0.0,,2019-Q1,4.0,Q1,Winter,Northeast,2019,6.2,0.1,2.4,0.0,0.2,1.2,2019
Virginia,5500.0,5500.0,1100.0,20.0,80.0,110.0,2.0,2019-Q1,20.0,Q1,Winter,South,2019,16.6,12.8,0.8,0.3,3.9,9.3,2019
Washington,51000.0,75000.0,7000.0,9.0,5500.0,2200.0,3.0,2019-Q1,9.333333333333334,Q1,Winter,West,2019,22.3,0.8,0.6,0.3,0.8,0.2,2019
West Virginia,5000.0,7000.0,1300.0,19.0,20.0,60.0,1.0,2019-Q1,18.571428571428573,Q1,Winter,South,2019,10.3,3.2,1.1,0.2,5.0,1.3,2019
Wisconsin,16500.0,17000.0,3700.0,22.0,580.0,100.0,1.0,2019-Q1,21.764705882352942,Q1,Winter,Midwest,2019,15.9,3.2,0.7,1.1,13.8,5.0,2019
Wyoming,6500.0,9500.0,250.0,3.0,0.0,0.0,0.0,2019-Q1,2.631578947368421,Q1,Winter,West,2019,0.7,0.0,0.1,0.0,0.5,2.3,2019
Other,6070.0,6070.0,590.0,10.0,70.0,30.0,,2019-Q1,9.71993410214168,Q1,Winter,Other,2019,6.9,1.8,0.3,0.0,2.1,1.6,2019
Alabama,7000.0,7000.0,990.0,14.0,160.0,330.0,5.0,2019-Q3,14.142857142857142,Q3,Summer,South,2019,30.6,24.6,2.9,0.2,9.7,6.4,2019
Arizona,26000.0,30000.0,2000.0,7.0,5500.0,3800.0,13.0,2019-Q3,6.666666666666667,Q3,Summer,West,2019,29.0,9.9,2.7,11.4,13.2,0.6,2019
Arkansas,20000.0,21000.0,2100.0,10.0,170.0,680.0,3.0,2019-Q3,10.0,Q3,Summer,South,2019,53.2,19.7,6.8,50.5,6.9,39.3,2019
California,650000.0,700000.0,93000.0,13.0,87000.0,108000.0,15.0,2019-Q3,13.285714285714286,Q3,Summer,West,2019,49.0,11.5,8.7,16.0,11.1,3.2,2019
Colorado,33000.0,36000.0,9500.0,26.0,2200.0,3400.0,9.0,2019-Q3,26.38888888888889,Q3,Summer,West,2019,79.8,12.5,4.8,10.2,9.4,1.0,2019
Connecticut,4400.0,4400.0,200.0,5.0,70.0,470.0,11.0,2019-Q3,4.545454545454546,Q3,Summer,Northeast,2019,24.3,6.9,2.4,0.0,3.9,0.5,2019
Florida,210000.0,240000.0,20000.0,8.0,46000.0,33000.0,14.0,2019-Q3,8.333333333333332,Q3,Summer,South,2019,44.9,20.7,6.3,18.2,11.7,10.8,2019
Georgia,116000.0,118000.0,13000.0,11.0,12000.0,36000.0,31.0,2019-Q3,11.016949152542372,Q3,Summer,South,2019,52.5,18.6,1.6,25.8,17.1,4.6,2019
Hawaii,17000.0,17000.0,200.0,1.0,200.0,6000.0,35.0,2019-Q3,1.1764705882352942,Q3,Summer,West,2019,37.2,39.0,0.3,0.0,1.3,0.2,2019
Idaho,95000.0,111000.0,10500.0,9.0,8500.0,12500.0,11.0,2019-Q3,9.45945945945946,Q3,Summer,West,2019,59.9,15.4,21.7,9.9,18.5,0.8,2019
Illinois,13500.0,13500.0,940.0,7.0,460.0,1300.0,10.0,2019-Q3,6.962962962962963,Q3,Summer,Midwest,2019,35.9,8.3,0.7,2.5,5.5,11.5,2019
Indiana,14000.0,16000.0,1000.0,6.0,2200.0,1500.0,9.0,2019-Q3,6.25,Q3,Summer,Midwest,2019,55.7,15.2,3.0,23.1,19.2,1.4,2019
Iowa,30000.0,33000.0,3400.0,10.0,2000.0,4800.0,15.0,2019-Q3,10.303030303030303,Q3,Summer,Midwest,2019,39.4,7.1,5.8,26.3,27.8,3.6,2019
Kansas,7500.0,7500.0,1900.0,25.0,190.0,400.0,5.0,2019-Q3,25.333333333333336,Q3,Summer,Midwest,2019,67.5,33.8,21.8,23.9,1.2,0.5,2019
Kentucky,8000.0,8500.0,850.0,10.0,700.0,430.0,5.0,2019-Q3,10.0,Q3,Summer,South,2019,29.2,17.6,0.4,5.2,7.9,8.6,2019
Louisiana,42000.0,44000.0,4100.0,9.0,4400.0,13000.0,30.0,2019-Q3,9.318181818181818,Q3,Summer,South,2019,67.1,66.8,0.4,57.0,2.5,2.7,2019
Maine,11500.0,12000.0,1100.0,9.0,460.0,3500.0,29.0,2019-Q3,9.166666666666666,Q3,Summer,Northeast,2019,10.1,0.7,0.1,0.0,0.2,0.1,2019
Maryland,7500.0,7500.0,790.0,11.0,720.0,1200.0,16.0,2019-Q3,10.533333333333333,Q3,Summer,South,2019,26.7,2.7,0.0,0.3,5.1,1.4,2019
Massachusetts,13500.0,13500.0,1100.0,8.0,800.0,560.0,4.0,2019-Q3,8.148148148148149,Q3,Summer,Northeast,2019,13.0,2.9,0.2,,0.7,7.3,2019
Michigan,94000.0,99000.0,11000.0,11.0,3000.0,3300.0,3.0,2019-Q3,11.11111111111111,Q3,Summer,Midwest,2019,42.7,16.4,8.7,7.3,2.1,1.5,2019
Minnesota,126000.0,129000.0,21000.0,16.0,5000.0,2100.0,2.0,2019-Q3,16.27906976744186,Q3,Summer,Midwest,2019,54.9,8.2,4.0,13.4,6.6,2.1,2019
Mississippi,23000.0,23000.0,2900.0,13.0,550.0,850.0,4.0,2019-Q3,12.608695652173912,Q3,Summer,South,2019,59.1,45.6,2.4,25.4,4.0,5.1,2019
Missouri,10500.0,10500.0,500.0,5.0,260.0,350.0,3.0,2019-Q3,4.761904761904762,Q3,Summer,Midwest,2019,18.4,7.1,0.4,0.8,2.1,0.6,2019
Montana,147000.0,154000.0,18500.0,12.0,3600.0,12500.0,8.0,2019-Q3,12.012987012987013,Q3,Summer,West,2019,28.0,10.0,10.6,6.1,4.1,1.0,2019
Nebraska,40000.0,41000.0,3700.0,9.0,680.0,1400.0,3.0,2019-Q3,9.024390243902438,Q3,Summer,Midwest,2019,29.2,2.7,1.8,2.8,7.2,1.9,2019
New Jersey,16000.0,16000.0,680.0,4.0,650.0,3100.0,19.0,2019-Q3,4.25,Q3,Summer,Northeast,2019,26.1,2.3,0.3,0.2,0.5,0.1,2019
New Mexico,2400.0,5500.0,170.0,3.0,1000.0,550.0,10.0,2019-Q3,3.090909090909091,Q3,Summer,West,2019,39.5,29.1,0.9,0.0,0.8,0.0,2019
New York,65000.0,69000.0,8500.0,12.0,3200.0,3700.0,5.0,2019-Q3,12.318840579710146,Q3,Summer,Northeast,2019,30.7,11.5,1.2,8.2,2.5,3.8,2019
North Carolina,22000.0,22000.0,2700.0,12.0,1800.0,5000.0,23.0,2019-Q3,12.272727272727273,Q3,Summer,South,2019,26.9,11.3,19.7,4.0,9.7,5.7,2019
North Dakota,530000.0,530000.0,81000.0,15.0,15000.0,17500.0,3.0,2019-Q3,15.283018867924527,Q3,Summer,Midwest,2019,48.4,10.2,14.7,9.0,23.7,9.3,2019
Ohio,19500.0,19500.0,1600.0,8.0,2800.0,3000.0,15.0,2019-Q3,8.205128205128204,Q3,Summer,Midwest,2019,40.6,23.0,4.2,1.8,5.9,3.9,2019
Oklahoma,7500.0,7500.0,930.0,12.0,130.0,1100.0,15.0,2019-Q3,12.4,Q3,Summer,South,2019,29.0,1.4,0.1,0.1,4.1,4.4,2019
Oregon,83000.0,118000.0,8000.0,7.0,6000.0,21000.0,18.0,2019-Q3,6.779661016949152,Q3,Summer,West,2019,35.4,12.8,19.8,15.1,16.6,0.4,2019
Pennsylvania,19000.0,20000.0,980.0,5.0,1800.0,1900.0,10.0,2019-Q3,4.9,Q3,Summer,Northeast,2019,23.4,8.8,1.8,5.0,1.5,5.6,2019
South Carolina,14500.0,14500.0,2200.0,15.0,2000.0,1400.0,10.0,2019-Q3,15.172413793103448,Q3,Summer,South,2019,44.9,11.6,0.6,16.2,19.6,3.7,2019
South Dakota,255000.0,255000.0,51000.0,20.0,1300.0,8000.0,3.0,2019-Q3,20.0,Q3,Summer,Midwest,2019,10.4,3.5,0.3,14.0,4.0,1.5,2019
Tennessee,14000.0,14000.0,4500.0,32.0,2200.0,2200.0,16.0,2019-Q3,32.142857142857146,Q3,Summer,South,2019,51.4,23.3,0.2,9.1,11.5,1.5,2019
Texas,126000.0,133000.0,11000.0,8.0,6500.0,7000.0,5.0,2019-Q3,8.270676691729323,Q3,Summer,South,2019,21.9,18.3,4.4,11.5,7.2,2.1,2019
Utah,24000.0,29000.0,2800.0,10.0,3500.0,1700.0,6.0,2019-Q3,9.655172413793103,Q3,Summer,West,2019,29.4,4.9,5.5,0.2,0.6,4.6,2019
Vermont,7000.0,7000.0,120.0,2.0,80.0,490.0,7.0,2019-Q3,1.7142857142857144,Q3,Summer,Northeast,2019,22.2,4.3,0.7,0.0,0.5,0.1,2019
Virginia,9000.0,9000.0,570.0,6.0,350.0,820.0,9.0,2019-Q3,6.333333333333334,Q3,Summer,South,2019,37.9,18.3,0.9,1.3,2.7,3.1,2019
Washington,85000.0,97000.0,21000.0,22.0,12000.0,10000.0,10.0,2019-Q3,21.649484536082475,Q3,Summer,West,2019,47.3,0.9,2.5,4.6,9.4,0.3,2019
West Virginia,10000.0,10000.0,1100.0,11.0,200.0,1100.0,11.0,2019-Q3,11.0,Q3,Summer,South,2019,33.7,10.7,0.7,2.7,6.9,0.3,2019
Wisconsin,63000.0,63000.0,6500.0,10.0,2400.0,10000.0,16.0,2019-Q3,10.317460317460316,Q3,Summer,Midwest,2019,46.4,20.5,13.9,18.1,6.5,3.9,2019
Wyoming,24000.0,27000.0,3000.0,11.0,2500.0,3500.0,13.0,2019-Q3,11.11111111111111,Q3,Summer,West,2019,45.7,0.4,3.3,2.2,6.3,2.5,2019
Other,13660.0,13900.0,2080.0,15.0,320.0,900.0,6.0,2019-Q3,14.964028776978417,Q3,Summer,Other,2019,11.3,4.5,4.2,7.7,1.4,0.1,2019
Alabama,6000.0,6000.0,660.0,11.0,240.0,70.0,1.0,2019-Q4,11.0,Q4,Fall,South,2019,46.7,26.7,0.6,4.9,9.0,11.3,2019
Arizona,34000.0,36000.0,7000.0,19.0,300.0,300.0,1.0,2019-Q4,19.444444444444446,Q4,Fall,West,2019,53.9,1.5,0.4,23.3,4.0,2.9,2019
Arkansas,19000.0,19500.0,1600.0,8.0,430.0,310.0,2.0,2019-Q4,8.205128205128204,Q4,Fall,South,2019,47.7,39.7,1.4,7.8,12.5,32.8,2019
California,700000.0,1300000.0,136000.0,10.0,160000.0,37000.0,3.0,2019-Q4,10.461538461538462,Q4,Fall,West,2019,40.5,10.9,5.2,11.3,8.0,5.0,2019
Colorado,27000.0,27000.0,8000.0,30.0,1100.0,440.0,2.0,2019-Q4,29.629629629629626,Q4,Fall,West,2019,67.7,1.5,0.0,15.3,2.6,0.8,2019
Connecticut,3800.0,4000.0,300.0,8.0,10.0,50.0,1.0,2019-Q4,7.5,Q4,Fall,Northeast,2019,22.2,11.1,2.4,0.0,1.7,1.6,2019
Florida,270000.0,300000.0,30000.0,10.0,28000.0,15000.0,5.0,2019-Q4,10.0,Q4,Fall,South,2019,43.5,25.6,7.8,11.7,7.8,4.8,2019
Georgia,119000.0,131000.0,20000.0,15.0,10500.0,10500.0,8.0,2019-Q4,15.267175572519085,Q4,Fall,South,2019,34.3,18.2,5.6,9.1,2.6,4.4,2019
Hawaii,17000.0,17000.0,1300.0,8.0,300.0,50.0,,2019-Q4,7.647058823529412,Q4,Fall,West,2019,44.0,61.8,0.2,1.0,0.1,0.0,2019
Idaho,111000.0,196000.0,15500.0,8.0,1800.0,1000.0,1.0,2019-Q4,7.908163265306123,Q4,Fall,West,2019,20.3,4.3,5.4,10.5,9.9,1.1,2019
Illinois,13000.0,13000.0,1700.0,13.0,1000.0,1500.0,12.0,2019-Q4,13.076923076923078,Q4,Fall,Midwest,2019,28.9,27.3,1.1,3.4,8.9,8.9,2019
Indiana,17500.0,17500.0,1300.0,7.0,160.0,180.0,1.0,2019-Q4,7.428571428571429,Q4,Fall,Midwest,2019,20.7,15.0,2.6,6.7,1.6,0.6,2019
Iowa,32000.0,32000.0,7500.0,23.0,1500.0,530.0,2.0,2019-Q4,23.4375,Q4,Fall,Midwest,2019,61.0,17.8,5.6,25.2,19.7,4.2,2019
Kansas,4800.0,4900.0,650.0,13.0,190.0,460.0,9.0,2019-Q4,13.26530612244898,Q4,Fall,Midwest,2019,65.8,15.0,11.9,43.4,0.4,14.4,2019
Kentucky,8500.0,8500.0,410.0,5.0,190.0,170.0,2.0,2019-Q4,4.823529411764706,Q4,Fall,South,2019,33.0,20.1,0.2,5.3,12.0,9.9,2019
Louisiana,41000.0,46000.0,2300.0,5.0,70.0,80.0,,2019-Q4,5.0,Q4,Fall,South,2019,33.0,18.5,3.5,0.7,6.1,0.9,2019
Maine,11500.0,11500.0,770.0,7.0,110.0,40.0,,2019-Q4,6.695652173913043,Q4,Fall,Northeast,2019,20.5,0.0,0.1,2.5,0.3,0.2,2019
Maryland,6500.0,8000.0,1100.0,14.0,390.0,420.0,5.0,2019-Q4,13.750000000000002,Q4,Fall,South,2019,12.6,4.5,1.8,0.0,0.3,5.0,2019
Massachusetts,5000.0,5000.0,1200.0,24.0,60.0,130.0,3.0,2019-Q4,24.0,Q4,Fall,Northeast,2019,7.6,0.2,0.8,0.0,1.1,10.7,2019
Michigan,84000.0,84000.0,6500.0,8.0,820.0,1500.0,2.0,2019-Q4,7.738095238095238,Q4,Fall,Midwest,2019,37.0,9.7,9.2,8.3,1.1,3.8,2019
Minnesota,97000.0,97000.0,15500.0,16.0,3400.0,60.0,,2019-Q4,15.979381443298967,Q4,Fall,Midwest,2019,37.3,7.8,1.2,6.1,1.8,4.0,2019
Mississippi,21000.0,29000.0,3400.0,12.0,350.0,50.0,,2019-Q4,11.724137931034482,Q4,Fall,South,2019,41.0,38.0,4.1,13.9,10.5,5.2,2019
Missouri,9000.0,10000.0,1500.0,15.0,260.0,10.0,,2019-Q4,15.0,Q4,Fall,Midwest,2019,19.2,5.9,0.2,0.1,1.5,0.4,2019
Montana,71000.0,79000.0,7000.0,9.0,770.0,4000.0,5.0,2019-Q4,8.860759493670885,Q4,Fall,West,2019,15.7,1.8,,0.8,2.8,0.3,2019
Nebraska,37000.0,38000.0,2700.0,7.0,320.0,10.0,,2019-Q4,7.105263157894736,Q4,Fall,Midwest,2019,5.8,1.0,0.0,3.5,2.8,6.4,2019
New Jersey,15500.0,15500.0,220.0,1.0,60.0,80.0,1.0,2019-Q4,1.4193548387096775,Q4,Fall,Northeast,2019,2.5,0.9,0.0,0.0,1.3,0.5,2019
New Mexico,6000.0,6000.0,70.0,1.0,30.0,10.0,,2019-Q4,1.1666666666666667,Q4,Fall,West,2019,5.2,0.3,0.4,0.0,2.6,0.0,2019
New York,65000.0,65000.0,10000.0,15.0,630.0,510.0,1.0,2019-Q4,15.384615384615385,Q4,Fall,Northeast,2019,33.3,24.8,3.0,8.7,3.2,4.0,2019
North Carolina,17500.0,18000.0,3200.0,18.0,240.0,770.0,4.0,2019-Q4,17.77777777777778,Q4,Fall,South,2019,44.5,21.0,4.5,2.4,15.7,11.7,2019
North Dakota,420000.0,420000.0,27000.0,6.0,3000.0,4300.0,1.0,2019-Q4,6.428571428571428,Q4,Fall,Midwest,2019,43.0,7.1,1.8,3.7,2.0,1.7,2019
Ohio,19000.0,19000.0,2700.0,14.0,800.0,390.0,2.0,2019-Q4,14.210526315789473,Q4,Fall,Midwest,2019,33.2,5.6,0.4,0.6,3.3,7.6,2019
Oklahoma,6500.0,37000.0,2500.0,7.0,460.0,0.0,0.0,2019-Q4,6.756756756756757,Q4,Fall,South,2019,1.0,0.4,0.0,0.4,0.4,0.1,2019
Oregon,115000.0,130000.0,15000.0,12.0,650.0,2000.0,2.0,2019-Q4,11.538461538461538,Q4,Fall,West,2019,35.8,2.1,4.7,1.8,16.6,16.0,2019
Pennsylvania,21000.0,21000.0,3800.0,18.0,1600.0,1100.0,5.0,2019-Q4,18.095238095238095,Q4,Fall,Northeast,2019,33.2,4.6,1.0,3.2,2.3,2.9,2019
South Carolina,12500.0,13500.0,1900.0,14.0,1400.0,430.0,3.0,2019-Q4,14.074074074074074,Q4,Fall,South,2019,56.7,18.4,1.7,3.5,13.1,6.3,2019
South Dakota,189000.0,189000.0,7500.0,4.0,0.0,40.0,,2019-Q4,3.968253968253968,Q4,Fall,Midwest,2019,12.2,6.1,3.2,5.6,11.2,1.5,2019
Tennessee,11000.0,11000.0,1300.0,12.0,20.0,70.0,1.0,2019-Q4,11.818181818181818,Q4,Fall,South,2019,66.6,53.5,0.0,33.6,7.6,9.1,2019
Texas,129000.0,240000.0,17500.0,7.0,8000.0,1700.0,1.0,2019-Q4,7.291666666666667,Q4,Fall,South,2019,23.1,14.0,4.6,4.9,5.8,1.4,2019
Utah,30000.0,32000.0,4400.0,14.0,970.0,90.0,,2019-Q4,13.750000000000002,Q4,Fall,West,2019,22.1,2.0,2.0,10.3,0.2,0.3,2019
Vermont,7000.0,7000.0,190.0,3.0,100.0,270.0,4.0,2019-Q4,2.7142857142857144,Q4,Fall,Northeast,2019,21.0,1.3,0.6,0.8,0.6,0.9,2019
Virginia,8000.0,8000.0,1200.0,15.0,10.0,190.0,2.0,2019-Q4,15.0,Q4,Fall,South,2019,37.7,18.6,0.4,0.0,5.3,6.0,2019
Washington,89000.0,93000.0,12500.0,13.0,810.0,100.0,,2019-Q4,13.440860215053762,Q4,Fall,West,2019,40.3,2.3,0.6,19.6,2.9,3.2,2019
West Virginia,7500.0,8000.0,1500.0,19.0,30.0,1600.0,20.0,2019-Q4,18.75,Q4,Fall,South,2019,65.8,10.7,1.1,0.4,6.1,2.2,2019
Wisconsin,46000.0,46000.0,8500.0,18.0,1800.0,3000.0,7.0,2019-Q4,18.478260869565215,Q4,Fall,Midwest,2019,40.0,22.1,14.8,14.1,22.0,7.3,2019
Wyoming,27000.0,28000.0,3300.0,12.0,100.0,490.0,2.0,2019-Q4,11.785714285714285,Q4,Fall,West,2019,27.6,12.3,3.2,0.0,4.3,13.2,2019
Other,11010.0,11510.0,1340.0,12.0,280.0,0.0,0.0,2019-Q4,11.642050390964378,Q4,Fall,Other,2019,13.6,2.3,0.3,0.3,32.4,0.9,2019
Alabama,5500.0,7000.0,410.0,6.0,1900.0,780.0,11.0,2020-Q1,5.857142857142858,Q1,Winter,South,2020,12.4,3.4,0.0,0.1,1.7,4.3,2020
Arizona,29000.0,31000.0,8500.0,27.0,3000.0,120.0,,2020-Q1,27.419354838709676,Q1,Winter,West,2020,31.7,,,0.0,10.1,9.0,2020
Arkansas,16500.0,16500.0,1600.0,10.0,1800.0,30.0,,2020-Q1,9.696969696969697,Q1,Winter,South,2020,31.7,22.7,,2.6,,11.2,2020
California,1350000.0,1710000.0,230000.0,13.0,240000.0,66000.0,4.0,2020-Q1,13.450292397660817,Q1,Winter,West,2020,22.4,6.0,5.0,5.3,5.3,4.2,2020
Colorado,4500.0,13000.0,670.0,5.0,4000.0,500.0,4.0,2020-Q1,5.153846153846154,Q1,Winter,West,2020,20.8,0.0,,,10.8,2.4,2020
Connecticut,3700.0,3800.0,330.0,9.0,360.0,0.0,0.0,2020-Q1,8.68421052631579,Q1,Winter,Northeast,2020,11.2,2.9,,0.0,2.8,3.0,2020
Florida,295000.0,305000.0,30000.0,10.0,41000.0,8000.0,3.0,2020-Q1,9.836065573770492,Q1,Winter,South,2020,28.0,14.2,5.5,5.3,8.7,10.9,2020
Georgia,115000.0,119000.0,14500.0,12.0,41000.0,22000.0,18.0,2020-Q1,12.184873949579831,Q1,Winter,South,2020,50.9,3.4,,,,7.5,2020
Hawaii,16000.0,16000.0,1800.0,11.0,1300.0,2200.0,14.0,2020-Q1,11.25,Q1,Winter,West,2020,75.3,60.8,,0.0,,,2020
Idaho,156000.0,168000.0,18500.0,11.0,4400.0,920.0,1.0,2020-Q1,11.011904761904761,Q1,Winter,West,2020,10.4,0.8,,2.8,2.1,1.9,2020
Illinois,11500.0,11500.0,2400.0,21.0,2900.0,160.0,1.0,2020-Q1,20.869565217391305,Q1,Winter,Midwest,2020,17.2,8.9,,0.0,7.3,10.0,2020
Indiana,11000.0,11000.0,1600.0,15.0,1500.0,420.0,4.0,2020-Q1,14.545454545454545,Q1,Winter,Midwest,2020,8.2,0.5,,2.9,1.9,6.2,2020
Iowa,9000.0,17000.0,1600.0,9.0,6000.0,420.0,2.0,2020-Q1,9.411764705882353,Q1,Winter,Midwest,2020,22.3,1.9,0.0,,5.7,5.5,2020
Kansas,4500.0,6500.0,760.0,12.0,2000.0,130.0,2.0,2020-Q1,11.692307692307692,Q1,Winter,Midwest,2020,13.3,8.1,7.8,7.8,3.1,11.3,2020
Kentucky,7000.0,11000.0,1200.0,11.0,1400.0,120.0,1.0,2020-Q1,10.909090909090908,Q1,Winter,South,2020,17.4,2.6,2.0,,7.6,6.5,2020
Louisiana,44000.0,48000.0,4800.0,10.0,9000.0,20000.0,42.0,2020-Q1,10.0,Q1,Winter,South,2020,26.5,7.0,0.7,1.2,1.4,0.6,2020
Maine,1300.0,1300.0,160.0,12.0,460.0,0.0,0.0,2020-Q1,12.307692307692308,Q1,Winter,Northeast,2020,19.6,1.2,0.7,0.0,2.2,3.0,2020
Maryland,7000.0,7000.0,1900.0,27.0,1900.0,30.0,,2020-Q1,27.142857142857142,Q1,Winter,South,2020,19.9,1.5,,0.0,8.5,2.4,2020
Massachusetts,3800.0,3800.0,470.0,12.0,1100.0,100.0,3.0,2020-Q1,12.368421052631579,Q1,Winter,Northeast,2020,13.9,0.5,1.8,,4.5,2.2,2020
Michigan,60000.0,60000.0,7000.0,12.0,10000.0,100.0,,2020-Q1,11.666666666666666,Q1,Winter,Midwest,2020,8.1,0.5,,,,0.7,2020
Minnesota,21000.0,58000.0,920.0,2.0,1300.0,40.0,,2020-Q1,1.5862068965517242,Q1,Winter,Midwest,2020,3.5,0.0,0.0,,4.3,,2020
Mississippi,26000.0,28000.0,5000.0,18.0,16000.0,660.0,2.0,2020-Q1,17.857142857142858,Q1,Winter,South,2020,58.6,50.9,,1.8,14.5,3.6,2020
Missouri,8500.0,8500.0,5500.0,65.0,3400.0,0.0,0.0,2020-Q1,64.70588235294117,Q1,Winter,Midwest,2020,8.4,3.4,0.9,1.6,2.1,3.4,2020
Nebraska,9000.0,17000.0,670.0,4.0,70.0,0.0,0.0,2020-Q1,3.9411764705882355,Q1,Winter,Midwest,2020,2.2,,,0.0,,0.8,2020
New Jersey,6500.0,6500.0,430.0,7.0,800.0,40.0,1.0,2020-Q1,6.615384615384616,Q1,Winter,Northeast,2020,9.4,2.9,0.5,,3.2,2.3,2020
New Mexico,6000.0,6000.0,40.0,1.0,120.0,0.0,0.0,2020-Q1,0.6666666666666667,Q1,Winter,West,2020,2.1,0.0,0.0,0.0,0.7,,2020
New York,29000.0,36000.0,2500.0,7.0,230.0,370.0,1.0,2020-Q1,6.944444444444445,Q1,Winter,Northeast,2020,6.6,2.9,0.0,0.0,1.7,7.7,2020
North Carolina,15000.0,24000.0,2500.0,10.0,2600.0,490.0,2.0,2020-Q1,10.416666666666668,Q1,Winter,South,2020,35.7,7.1,4.8,0.6,1.4,5.1,2020
North Dakota,53000.0,82000.0,7500.0,9.0,0.0,0.0,0.0,2020-Q1,9.146341463414634,Q1,Winter,Midwest,2020,0.6,0.0,0.0,0.0,3.1,0.0,2020
Ohio,15500.0,21000.0,6000.0,29.0,840.0,1100.0,5.0,2020-Q1,28.57142857142857,Q1,Winter,Midwest,2020,17.6,3.6,1.1,,3.0,13.4,2020
Oklahoma,19500.0,19500.0,700.0,4.0,5000.0,0.0,0.0,2020-Q1,3.5897435897435894,Q1,Winter,South,2020,11.4,0.6,,0.5,,,2020
Oregon,97000.0,108000.0,4800.0,4.0,9000.0,1700.0,2.0,2020-Q1,4.444444444444445,Q1,Winter,West,2020,24.4,10.4,10.8,14.5,1.3,,2020
Pennsylvania,18500.0,26000.0,2100.0,8.0,370.0,320.0,1.0,2020-Q1,8.076923076923077,Q1,Winter,Northeast,2020,15.5,3.9,2.8,1.8,2.7,3.2,2020
South Carolina,13000.0,17000.0,1400.0,8.0,2700.0,1100.0,6.0,2020-Q1,8.235294117647058,Q1,Winter,South,2020,15.5,11.5,9.6,,6.4,5.4,2020
South Dakota,20000.0,20000.0,1200.0,6.0,20.0,0.0,0.0,2020-Q1,6.0,Q1,Winter,Midwest,2020,14.7,,0.0,2.1,,,2020
Tennessee,8000.0,14000.0,2700.0,19.0,2200.0,130.0,1.0,2020-Q1,19.28571428571429,Q1,Winter,South,2020,18.9,17.3,1.0,0.0,4.1,7.8,2020
Texas,235000.0,340000.0,35000.0,10.0,83000.0,24000.0,7.0,2020-Q1,10.294117647058822,Q1,Winter,South,2020,12.2,6.8,1.3,3.4,5.2,4.6,2020
Utah,12000.0,19000.0,1100.0,6.0,3000.0,0.0,0.0,2020-Q1,5.7894736842105265,Q1,Winter,West,2020,38.9,17.2,17.1,2.3,15.7,22.4,2020
Vermont,6500.0,7000.0,520.0,7.0,500.0,70.0,1.0,2020-Q1,7.428571428571429,Q1,Winter,Northeast,2020,9.1,0.8,0.6,0.9,2.0,3.1,2020
Virginia,6000.0,7000.0,1100.0,16.0,1600.0,60.0,1.0,2020-Q1,15.714285714285714,Q1,Winter,South,2020,17.5,10.6,,,3.8,3.5,2020
Washington,49000.0,74000.0,1500.0,2.0,580.0,150.0,,2020-Q1,2.027027027027027,Q1,Winter,West,2020,1.7,,,0.5,,,2020
West Virginia,6000.0,8000.0,1100.0,14.0,600.0,680.0,9.0,2020-Q1,13.750000000000002,Q1,Winter,South,2020,17.3,7.0,1.3,0.6,2.6,,2020
Wisconsin,16000.0,28000.0,1900.0,7.0,700.0,370.0,1.0,2020-Q1,6.785714285714286,Q1,Winter,Midwest,2020,9.0,1.9,,,2.7,3.1,2020
Wyoming,4000.0,17000.0,140.0,1.0,450.0,60.0,,2020-Q1,0.823529411764706,Q1,Winter,West,2020,,,0.1,0.0,0.8,1.7,2020
Other,7800.0,7800.0,440.0,6.0,560.0,20.0,,2020-Q1,5.641025641025641,Q1,Winter,Other,2020,5.8,0.0,,0.0,0.8,,2020
Alabama,8500.0,8500.0,4100.0,48.0,4700.0,2600.0,31.0,2020-Q2,48.23529411764706,Q2,Spring,South,2020,28.5,18.0,1.6,7.7,7.9,9.5,2020
Arizona,26000.0,26000.0,1300.0,5.0,14500.0,4700.0,18.0,2020-Q2,5.0,Q2,Spring,West,2020,22.1,0.0,,4.2,5.5,0.6,2020
Arkansas,17000.0,17000.0,1800.0,11.0,4900.0,800.0,5.0,2020-Q2,10.588235294117647,Q2,Spring,South,2020,40.5,15.3,5.1,24.6,2.1,12.4,2020
California,1200000.0,1200000.0,100000.0,8.0,175000.0,240000.0,20.0,2020-Q2,8.333333333333332,Q2,Spring,West,2020,33.6,4.8,3.9,5.5,7.6,3.1,2020
Colorado,16500.0,27000.0,2100.0,8.0,7000.0,2800.0,10.0,2020-Q2,7.777777777777778,Q2,Spring,West,2020,35.4,,,0.0,0.5,2.5,2020
Connecticut,3900.0,4300.0,30.0,1.0,1200.0,450.0,10.0,2020-Q2,0.6976744186046512,Q2,Spring,Northeast,2020,14.8,2.1,0.0,0.0,0.1,0.6,2020
Florida,310000.0,310000.0,40000.0,13.0,25000.0,18500.0,6.0,2020-Q2,12.903225806451612,Q2,Spring,South,2020,33.1,16.0,3.4,5.8,5.9,7.9,2020
Georgia,145000.0,147000.0,10000.0,7.0,18500.0,20000.0,14.0,2020-Q2,6.802721088435375,Q2,Spring,South,2020,47.9,19.6,6.9,2.9,7.9,13.4,2020
Hawaii,15500.0,15500.0,0.0,0.0,3000.0,2300.0,15.0,2020-Q2,0.0,Q2,Spring,West,2020,43.1,41.1,1.0,0.0,1.1,0.0,2020
Idaho,48000.0,81000.0,18000.0,22.0,22000.0,29000.0,36.0,2020-Q2,22.22222222222222,Q2,Spring,West,2020,44.2,10.9,11.1,8.6,6.9,5.8,2020
Illinois,12000.0,12000.0,1500.0,13.0,4200.0,1700.0,14.0,2020-Q2,12.5,Q2,Spring,Midwest,2020,23.5,8.2,1.0,8.3,11.9,4.0,2020
Indiana,11000.0,12000.0,920.0,8.0,4500.0,1800.0,15.0,2020-Q2,7.666666666666666,Q2,Spring,Midwest,2020,26.8,12.5,1.8,20.2,5.4,1.5,2020
Iowa,21000.0,29000.0,3600.0,12.0,17000.0,4700.0,16.0,2020-Q2,12.413793103448276,Q2,Spring,Midwest,2020,30.6,24.7,16.6,0.8,3.5,0.5,2020
Kansas,7500.0,8000.0,680.0,9.0,1900.0,1800.0,23.0,2020-Q2,8.5,Q2,Spring,Midwest,2020,68.4,34.1,24.0,32.8,28.9,14.3,2020
Kentucky,11000.0,11000.0,1200.0,11.0,4200.0,3500.0,32.0,2020-Q2,10.909090909090908,Q2,Spring,South,2020,18.3,10.9,,1.2,2.9,3.2,2020
Louisiana,53000.0,53000.0,1800.0,3.0,2300.0,4700.0,9.0,2020-Q2,3.3962264150943398,Q2,Spring,South,2020,23.7,4.7,0.5,,3.5,1.3,2020
Maine,1600.0,22000.0,700.0,3.0,520.0,110.0,1.0,2020-Q2,3.1818181818181817,Q2,Spring,Northeast,2020,47.1,,26.8,0.0,0.5,0.0,2020
Maryland,7000.0,8000.0,670.0,8.0,4400.0,1700.0,21.0,2020-Q2,8.375,Q2,Spring,South,2020,14.3,1.1,0.1,1.1,3.2,0.5,2020
Massachusetts,4400.0,13500.0,630.0,5.0,870.0,540.0,4.0,2020-Q2,4.666666666666667,Q2,Spring,Northeast,2020,14.7,2.1,,,1.1,,2020
Michigan,64000.0,85000.0,1500.0,2.0,11000.0,10000.0,12.0,2020-Q2,1.7647058823529411,Q2,Spring,Midwest,2020,38.0,11.5,2.2,6.0,3.2,1.1,2020
Minnesota,59000.0,126000.0,13000.0,10.0,9000.0,2600.0,2.0,2020-Q2,10.317460317460316,Q2,Spring,Midwest,2020,20.6,2.9,0.7,8.8,4.4,,2020
Mississippi,34000.0,37000.0,4500.0,12.0,1500.0,570.0,2.0,2020-Q2,12.162162162162163,Q2,Spring,South,2020,93.1,57.8,0.0,0.9,8.5,,2020
Missouri,6500.0,6500.0,390.0,6.0,2800.0,1200.0,18.0,2020-Q2,6.0,Q2,Spring,Midwest,2020,17.4,1.5,5.7,3.1,11.2,1.9,2020
Montana,48000.0,120000.0,2000.0,2.0,18000.0,16000.0,13.0,2020-Q2,1.6666666666666667,Q2,Spring,West,2020,12.1,5.6,5.9,0.0,4.6,,2020
Nebraska,16500.0,41000.0,1900.0,5.0,7000.0,1100.0,3.0,2020-Q2,4.634146341463414,Q2,Spring,Midwest,2020,17.5,1.1,4.8,12.2,,2.7,2020
New Jersey,7000.0,21000.0,710.0,3.0,1500.0,650.0,3.0,2020-Q2,3.380952380952381,Q2,Spring,Northeast,2020,15.4,0.8,21.5,,21.7,,2020
New Mexico,3100.0,6000.0,1000.0,17.0,400.0,40.0,1.0,2020-Q2,16.666666666666664,Q2,Spring,West,2020,3.0,,,,,,2020
New York,34000.0,58000.0,4000.0,7.0,6000.0,2800.0,5.0,2020-Q2,6.896551724137931,Q2,Spring,Northeast,2020,20.7,2.5,0.6,,3.5,0.5,2020
North Carolina,24000.0,25000.0,1600.0,6.0,6000.0,1300.0,5.0,2020-Q2,6.4,Q2,Spring,South,2020,23.0,5.5,1.9,0.0,1.8,1.4,2020
North Dakota,67000.0,415000.0,20000.0,5.0,53000.0,38000.0,9.0,2020-Q2,4.819277108433735,Q2,Spring,Midwest,2020,28.8,1.7,2.5,3.1,3.0,1.9,2020
Ohio,15500.0,16500.0,1700.0,10.0,9500.0,3700.0,22.0,2020-Q2,10.303030303030303,Q2,Spring,Midwest,2020,23.8,12.0,6.2,5.8,7.3,13.3,2020
Oklahoma,16000.0,16000.0,1500.0,9.0,6000.0,3100.0,19.0,2020-Q2,9.375,Q2,Spring,South,2020,16.2,3.9,,0.9,15.1,5.1,2020
Oregon,89000.0,96000.0,2500.0,3.0,11000.0,19000.0,20.0,2020-Q2,2.604166666666667,Q2,Spring,West,2020,28.0,1.7,7.5,2.2,5.9,0.7,2020
Pennsylvania,24000.0,28000.0,930.0,3.0,5500.0,1500.0,5.0,2020-Q2,3.3214285714285716,Q2,Spring,Northeast,2020,26.6,2.6,1.4,,3.3,1.3,2020
South Carolina,18500.0,18500.0,1700.0,9.0,2700.0,2500.0,14.0,2020-Q2,9.18918918918919,Q2,Spring,South,2020,29.1,6.2,0.5,,5.7,0.5,2020
South Dakota,9500.0,220000.0,4600.0,2.0,10000.0,14500.0,7.0,2020-Q2,2.090909090909091,Q2,Spring,Midwest,2020,53.3,46.4,4.8,,52.5,5.3,2020
Tennessee,13500.0,13500.0,1200.0,9.0,4200.0,3200.0,24.0,2020-Q2,8.88888888888889,Q2,Spring,South,2020,31.2,7.8,,6.8,3.3,3.0,2020
Texas,360000.0,385000.0,35000.0,9.0,15000.0,136000.0,35.0,2020-Q2,9.090909090909092,Q2,Spring,South,2020,30.2,7.7,3.3,4.6,5.7,5.8,2020
Utah,21000.0,31000.0,2800.0,9.0,8500.0,13000.0,42.0,2020-Q2,9.032258064516128,Q2,Spring,West,2020,38.4,0.0,,13.1,,7.7,2020
Vermont,7000.0,7000.0,200.0,3.0,680.0,110.0,2.0,2020-Q2,2.857142857142857,Q2,Spring,Northeast,2020,10.7,0.5,0.1,0.0,1.1,0.0,2020
Virginia,7500.0,8000.0,1200.0,15.0,4800.0,1300.0,16.0,2020-Q2,15.0,Q2,Spring,South,2020,33.7,7.9,,,7.9,1.1,2020
Washington,50000.0,114000.0,3500.0,3.0,5000.0,3300.0,3.0,2020-Q2,3.070175438596491,Q2,Spring,West,2020,10.6,,0.7,1.0,1.3,,2020
West Virginia,7500.0,7500.0,570.0,8.0,1600.0,1500.0,20.0,2020-Q2,7.6,Q2,Spring,South,2020,46.2,1.8,0.7,0.5,2.8,1.9,2020
Wisconsin,27000.0,55000.0,1700.0,3.0,14000.0,4600.0,8.0,2020-Q2,3.090909090909091,Q2,Spring,Midwest,2020,46.1,27.3,25.0,25.1,25.8,26.1,2020
Wyoming,17500.0,30000.0,2000.0,7.0,4400.0,2100.0,7.0,2020-Q2,6.666666666666667,Q2,Spring,West,2020,28.8,,0.1,1.1,3.5,1.2,2020
Other,6500.0,9840.0,260.0,3.0,1400.0,1500.0,15.0,2020-Q2,2.642276422764228,Q2,Spring,Other,2020,12.8,0.8,0.5,0.0,,,2020
Alabama,9000.0,19000.0,3700.0,19.0,1800.0,990.0,5.0,2020-Q3,19.473684210526315,Q3,Summer,South,2020,64.9,29.1,0.0,12.0,5.4,11.7,2020
Arizona,28000.0,30000.0,8000.0,27.0,2600.0,1800.0,6.0,2020-Q3,26.666666666666668,Q3,Summer,West,2020,24.1,,1.9,1.7,9.3,12.2,2020
Arkansas,19000.0,22000.0,1700.0,8.0,1500.0,390.0,2.0,2020-Q3,7.727272727272727,Q3,Summer,South,2020,33.9,15.6,3.9,13.9,1.3,8.6,2020
California,640000.0,700000.0,69000.0,10.0,61000.0,108000.0,15.0,2020-Q3,9.857142857142858,Q3,Summer,West,2020,33.9,11.4,7.3,6.3,8.1,3.6,2020
Colorado,29000.0,29000.0,7000.0,24.0,3800.0,5500.0,19.0,2020-Q3,24.137931034482758,Q3,Summer,West,2020,23.1,1.1,,0.0,6.3,19.8,2020
Connecticut,4700.0,4700.0,300.0,6.0,130.0,150.0,3.0,2020-Q3,6.382978723404255,Q3,Summer,Northeast,2020,20.2,1.4,0.0,0.0,4.0,0.0,2020
Florida,220000.0,230000.0,29000.0,13.0,36000.0,31000.0,13.0,2020-Q3,12.608695652173912,Q3,Summer,South,2020,42.2,19.9,12.8,14.8,7.9,10.9,2020
Georgia,150000.0,163000.0,23000.0,14.0,22000.0,35000.0,21.0,2020-Q3,14.11042944785276,Q3,Summer,South,2020,49.6,22.5,3.5,3.4,5.3,13.0,2020
Hawaii,18500.0,18500.0,500.0,3.0,4000.0,3400.0,18.0,2020-Q3,2.7027027027027026,Q3,Summer,West,2020,62.7,63.5,,,0.5,,2020
Idaho,70000.0,85000.0,11000.0,13.0,18500.0,8500.0,10.0,2020-Q3,12.941176470588237,Q3,Summer,West,2020,45.0,2.6,6.7,10.9,9.0,3.8,2020
Illinois,14000.0,14000.0,1400.0,10.0,770.0,690.0,5.0,2020-Q3,10.0,Q3,Summer,Midwest,2020,28.1,15.6,1.8,4.9,6.6,8.4,2020
Indiana,15000.0,15000.0,1600.0,11.0,1200.0,2700.0,18.0,2020-Q3,10.666666666666668,Q3,Summer,Midwest,2020,41.4,12.0,1.7,24.5,0.7,1.3,2020
Iowa,34000.0,38000.0,1800.0,5.0,1100.0,2900.0,8.0,2020-Q3,4.736842105263158,Q3,Summer,Midwest,2020,49.1,29.4,3.9,6.3,4.5,,2020
Kansas,7000.0,7000.0,910.0,13.0,600.0,730.0,10.0,2020-Q3,13.0,Q3,Summer,Midwest,2020,93.8,24.8,15.6,34.1,2.1,,2020
Kentucky,11500.0,12000.0,1400.0,12.0,800.0,510.0,4.0,2020-Q3,11.666666666666666,Q3,Summer,South,2020,23.3,4.0,1.4,1.6,2.4,5.1,2020
Louisiana,48000.0,48000.0,2600.0,5.0,1200.0,3100.0,6.0,2020-Q3,5.416666666666667,Q3,Summer,South,2020,27.2,14.4,4.7,0.8,3.6,3.4,2020
Maine,9500.0,10000.0,1500.0,15.0,700.0,820.0,8.0,2020-Q3,15.0,Q3,Summer,Northeast,2020,65.2,2.5,0.7,0.0,4.6,6.2,2020
Maryland,7500.0,7500.0,690.0,9.0,1200.0,220.0,3.0,2020-Q3,9.2,Q3,Summer,South,2020,17.6,4.8,,,0.6,2.9,2020
Massachusetts,11000.0,11000.0,330.0,3.0,840.0,810.0,7.0,2020-Q3,3.0,Q3,Summer,Northeast,2020,29.7,1.6,1.5,0.8,1.2,0.7,2020
Michigan,96000.0,106000.0,34000.0,32.0,37000.0,11000.0,10.0,2020-Q3,32.075471698113205,Q3,Summer,Midwest,2020,53.1,14.5,3.4,8.9,5.9,1.0,2020
Minnesota,114000.0,119000.0,10500.0,9.0,1800.0,3700.0,3.0,2020-Q3,8.823529411764707,Q3,Summer,Midwest,2020,46.3,3.7,,8.2,2.2,1.7,2020
Mississippi,26000.0,29000.0,1600.0,6.0,2500.0,130.0,,2020-Q3,5.517241379310345,Q3,Summer,South,2020,45.7,41.8,,,3.3,6.2,2020
Missouri,8000.0,8000.0,730.0,9.0,290.0,820.0,10.0,2020-Q3,9.125,Q3,Summer,Midwest,2020,30.8,8.8,,1.1,2.4,2.4,2020
Montana,138000.0,139000.0,8500.0,6.0,6500.0,28000.0,20.0,2020-Q3,6.115107913669065,Q3,Summer,West,2020,36.6,2.1,0.9,,8.6,1.2,2020
Nebraska,47000.0,48000.0,4300.0,9.0,3000.0,3100.0,6.0,2020-Q3,8.958333333333334,Q3,Summer,Midwest,2020,23.4,0.8,3.3,19.8,21.4,,2020
New Jersey,17500.0,18500.0,2300.0,12.0,1500.0,1800.0,10.0,2020-Q3,12.432432432432433,Q3,Summer,Northeast,2020,21.7,5.6,0.0,16.3,,,2020
New Mexico,5500.0,5500.0,1600.0,29.0,3300.0,760.0,14.0,2020-Q3,29.09090909090909,Q3,Summer,West,2020,33.8,32.9,0.0,0.0,0.5,,2020
New York,61000.0,61000.0,3600.0,6.0,5500.0,1600.0,3.0,2020-Q3,5.901639344262295,Q3,Summer,Northeast,2020,18.2,7.8,6.3,3.3,2.1,1.1,2020
North Carolina,26000.0,27000.0,4600.0,17.0,950.0,5500.0,20.0,2020-Q3,17.037037037037038,Q3,Summer,South,2020,70.5,17.9,,,,,2020
North Dakota,455000.0,495000.0,53000.0,11.0,57000.0,33000.0,7.0,2020-Q3,10.707070707070706,Q3,Summer,Midwest,2020,61.3,15.9,12.3,4.1,9.3,1.4,2020
Ohio,22000.0,22000.0,1900.0,9.0,730.0,2100.0,10.0,2020-Q3,8.636363636363637,Q3,Summer,Midwest,2020,28.6,10.4,0.8,3.7,10.8,1.4,2020
Oklahoma,7000.0,8000.0,1100.0,14.0,150.0,930.0,12.0,2020-Q3,13.750000000000002,Q3,Summer,South,2020,52.4,8.0,0.9,1.7,2.4,0.8,2020
Oregon,102000.0,124000.0,12000.0,10.0,13000.0,28000.0,23.0,2020-Q3,9.67741935483871,Q3,Summer,West,2020,42.4,2.5,3.8,0.5,7.1,2.4,2020
Pennsylvania,27000.0,27000.0,2200.0,8.0,2500.0,1200.0,4.0,2020-Q3,8.148148148148149,Q3,Summer,Northeast,2020,32.2,12.3,1.2,1.6,5.5,2.3,2020
South Carolina,12000.0,13500.0,1800.0,13.0,1200.0,2200.0,16.0,2020-Q3,13.333333333333334,Q3,Summer,South,2020,27.1,28.9,,6.2,1.5,0.9,2020
South Dakota,230000.0,235000.0,66000.0,28.0,30000.0,12500.0,5.0,2020-Q3,28.085106382978726,Q3,Summer,Midwest,2020,87.0,7.0,2.1,64.9,61.4,2.0,2020
Tennessee,15000.0,15000.0,2200.0,15.0,460.0,860.0,6.0,2020-Q3,14.666666666666666,Q3,Summer,South,2020,37.7,15.5,2.3,0.5,2.4,2.2,2020
Texas,167000.0,173000.0,9500.0,5.0,9000.0,7500.0,4.0,2020-Q3,5.491329479768786,Q3,Summer,South,2020,20.2,13.6,2.0,6.7,1.6,0.6,2020
Utah,24000.0,30000.0,2000.0,7.0,1500.0,2300.0,8.0,2020-Q3,6.666666666666667,Q3,Summer,West,2020,61.7,,,31.6,3.7,3.9,2020
Vermont,7500.0,7500.0,210.0,3.0,700.0,180.0,2.0,2020-Q3,2.8000000000000003,Q3,Summer,Northeast,2020,26.6,0.7,0.9,3.8,0.9,,2020
Virginia,8500.0,8500.0,1200.0,14.0,910.0,730.0,9.0,2020-Q3,14.117647058823529,Q3,Summer,South,2020,27.5,8.3,,,4.1,5.8,2020
Washington,94000.0,104000.0,7000.0,7.0,5000.0,8500.0,8.0,2020-Q3,6.730769230769231,Q3,Summer,West,2020,19.2,,,10.5,1.3,0.6,2020
West Virginia,8000.0,8000.0,540.0,7.0,210.0,800.0,10.0,2020-Q3,6.75,Q3,Summer,South,2020,17.7,10.1,4.7,4.7,1.7,2.6,2020
Wisconsin,68000.0,68000.0,8000.0,12.0,970.0,9000.0,13.0,2020-Q3,11.76470588235294,Q3,Summer,Midwest,2020,43.1,22.8,12.9,26.1,13.8,20.4,2020
Wyoming,33000.0,34000.0,3600.0,11.0,640.0,7500.0,22.0,2020-Q3,10.588235294117647,Q3,Summer,West,2020,13.4,,0.7,5.9,1.8,0.9,2020
Other,10630.0,11630.0,2080.0,18.0,2230.0,700.0,6.0,2020-Q3,17.884780739466898,Q3,Summer,Other,2020,76.4,7.1,,6.3,14.1,,2020
Alabama,17000.0,17000.0,1100.0,6.0,750.0,60.0,,2020-Q4,6.470588235294119,Q4,Fall,South,2020,50.8,43.2,15.4,2.0,2.3,16.9,2020
Arizona,25000.0,27000.0,4000.0,15.0,5500.0,600.0,2.0,2020-Q4,14.814814814814813,Q4,Fall,West,2020,22.5,,,4.5,2.3,18.3,2020
Arkansas,22000.0,23000.0,2100.0,9.0,380.0,780.0,3.0,2020-Q4,9.130434782608695,Q4,Fall,South,2020,43.1,12.9,1.7,12.8,5.9,5.7,2020
California,700000.0,1400000.0,164000.0,12.0,120000.0,58000.0,4.0,2020-Q4,11.714285714285715,Q4,Fall,West,2020,45.5,11.1,7.1,4.8,4.2,4.0,2020
Colorado,19000.0,19000.0,5000.0,26.0,930.0,20.0,,2020-Q4,26.31578947368421,Q4,Fall,West,2020,14.9,0.0,,0.0,0.9,1.5,2020
Connecticut,4300.0,4600.0,500.0,11.0,20.0,20.0,,2020-Q4,10.869565217391305,Q4,Fall,Northeast,2020,49.4,0.9,0.1,0.0,4.3,8.2,2020
Florida,240000.0,290000.0,29000.0,10.0,50000.0,17500.0,6.0,2020-Q4,10.0,Q4,Fall,South,2020,45.7,21.7,10.4,19.6,2.3,7.5,2020
Georgia,165000.0,174000.0,30000.0,17.0,11000.0,11000.0,6.0,2020-Q4,17.24137931034483,Q4,Fall,South,2020,35.5,12.9,1.8,7.5,1.9,6.7,2020
Hawaii,22000.0,22000.0,2700.0,12.0,200.0,370.0,2.0,2020-Q4,12.272727272727273,Q4,Fall,West,2020,57.2,65.2,,0.0,2.9,0.0,2020
Idaho,94000.0,180000.0,19000.0,11.0,8000.0,1700.0,1.0,2020-Q4,10.555555555555555,Q4,Fall,West,2020,52.1,8.9,4.3,4.8,4.8,5.4,2020
Illinois,13000.0,13000.0,1700.0,13.0,330.0,410.0,3.0,2020-Q4,13.076923076923078,Q4,Fall,Midwest,2020,26.4,9.8,1.1,2.9,2.7,6.9,2020
Indiana,10000.0,11000.0,930.0,8.0,240.0,260.0,2.0,2020-Q4,8.454545454545455,Q4,Fall,Midwest,2020,26.3,4.1,,1.9,2.4,5.7,2020
Iowa,38000.0,38000.0,4800.0,13.0,700.0,850.0,2.0,2020-Q4,12.631578947368421,Q4,Fall,Midwest,2020,39.8,0.9,2.6,,1.8,1.4,2020
Kansas,6000.0,7000.0,2400.0,34.0,460.0,170.0,2.0,2020-Q4,34.285714285714285,Q4,Fall,Midwest,2020,37.7,30.3,1.2,33.3,26.4,25.9,2020
Kentucky,11500.0,11500.0,1100.0,10.0,380.0,520.0,5.0,2020-Q4,9.565217391304348,Q4,Fall,South,2020,23.8,8.8,0.0,0.0,8.2,9.0,2020
Louisiana,46000.0,52000.0,1700.0,3.0,30.0,620.0,1.0,2020-Q4,3.2692307692307696,Q4,Fall,South,2020,22.2,2.9,0.0,,2.9,,2020
Maine,9000.0,9000.0,100.0,1.0,180.0,250.0,3.0,2020-Q4,1.1111111111111112,Q4,Fall,Northeast,2020,30.8,,0.5,0.0,1.2,0.6,2020
Maryland,6000.0,8000.0,980.0,12.0,60.0,460.0,6.0,2020-Q4,12.25,Q4,Fall,South,2020,27.5,1.8,1.5,0.7,6.2,2.1,2020
Massachusetts,10000.0,10000.0,390.0,4.0,270.0,90.0,1.0,2020-Q4,3.9,Q4,Fall,Northeast,2020,17.4,1.2,,,,0.9,2020
Michigan,97000.0,101000.0,10500.0,10.0,2400.0,1600.0,2.0,2020-Q4,10.396039603960396,Q4,Fall,Midwest,2020,42.9,5.4,5.3,3.1,3.6,4.3,2020
Minnesota,99000.0,105000.0,9500.0,9.0,1200.0,340.0,,2020-Q4,9.047619047619047,Q4,Fall,Midwest,2020,17.2,1.6,1.0,19.2,1.8,2.6,2020
Mississippi,30000.0,37000.0,3800.0,10.0,300.0,30.0,,2020-Q4,10.27027027027027,Q4,Fall,South,2020,7.8,1.5,0.0,0.6,7.8,5.9,2020
Missouri,6500.0,7000.0,750.0,11.0,20.0,110.0,2.0,2020-Q4,10.714285714285714,Q4,Fall,Midwest,2020,13.1,7.9,,0.5,3.1,0.8,2020
Montana,81000.0,92000.0,14000.0,15.0,3500.0,290.0,,2020-Q4,15.217391304347828,Q4,Fall,West,2020,15.1,11.6,11.6,2.6,4.4,6.0,2020
Nebraska,43000.0,43000.0,7000.0,16.0,280.0,2500.0,6.0,2020-Q4,16.27906976744186,Q4,Fall,Midwest,2020,3.6,,0.5,,1.4,6.3,2020
New Jersey,18000.0,18000.0,310.0,2.0,2000.0,480.0,3.0,2020-Q4,1.7222222222222223,Q4,Fall,Northeast,2020,6.8,2.1,0.5,0.6,0.2,0.7,2020
New Mexico,2400.0,3600.0,190.0,5.0,80.0,50.0,1.0,2020-Q4,5.277777777777778,Q4,Fall,West,2020,15.7,,1.0,0.0,2.0,0.9,2020
New York,52000.0,52000.0,4100.0,8.0,2400.0,5000.0,10.0,2020-Q4,7.884615384615384,Q4,Fall,Northeast,2020,19.2,7.2,,,4.5,4.1,2020
North Carolina,16500.0,22000.0,2500.0,11.0,200.0,9000.0,41.0,2020-Q4,11.363636363636363,Q4,Fall,South,2020,37.7,14.0,,5.1,0.6,1.9,2020
North Dakota,445000.0,445000.0,45000.0,10.0,12500.0,0.0,0.0,2020-Q4,10.112359550561797,Q4,Fall,Midwest,2020,60.2,0.5,5.1,11.5,1.1,5.5,2020
Ohio,21000.0,21000.0,1600.0,8.0,10.0,490.0,2.0,2020-Q4,7.6190476190476195,Q4,Fall,Midwest,2020,42.4,12.4,0.9,6.4,2.5,1.7,2020
Oklahoma,7000.0,28000.0,300.0,1.0,250.0,0.0,0.0,2020-Q4,1.0714285714285714,Q4,Fall,South,2020,2.3,1.1,,,,0.8,2020
Oregon,122000.0,123000.0,15500.0,13.0,7000.0,2600.0,2.0,2020-Q4,12.601626016260163,Q4,Fall,West,2020,28.5,4.6,3.7,1.6,3.8,3.9,2020
Pennsylvania,23000.0,25000.0,1900.0,8.0,580.0,440.0,2.0,2020-Q4,7.6,Q4,Fall,Northeast,2020,28.1,3.9,1.3,1.9,1.8,2.6,2020
South Carolina,11500.0,18500.0,2600.0,14.0,270.0,210.0,1.0,2020-Q4,14.054054054054054,Q4,Fall,South,2020,22.9,4.2,0.0,1.3,2.7,3.8,2020
South Dakota,197000.0,197000.0,16000.0,8.0,1000.0,150.0,,2020-Q4,8.121827411167512,Q4,Fall,Midwest,2020,22.6,1.4,6.5,4.5,,1.8,2020
Tennessee,13500.0,13500.0,680.0,5.0,20.0,640.0,5.0,2020-Q4,5.037037037037037,Q4,Fall,South,2020,33.8,25.4,,5.1,2.1,5.2,2020
Texas,144000.0,255000.0,43000.0,17.0,27000.0,1700.0,1.0,2020-Q4,16.862745098039216,Q4,Fall,South,2020,27.4,6.5,,5.0,5.7,9.6,2020
Utah,29000.0,29000.0,3800.0,13.0,1800.0,50.0,,2020-Q4,13.10344827586207,Q4,Fall,West,2020,49.5,,,6.8,0.7,17.6,2020
Vermont,8000.0,8000.0,270.0,3.0,30.0,0.0,0.0,2020-Q4,3.375,Q4,Fall,Northeast,2020,10.0,,0.5,0.0,0.6,,2020
Virginia,8000.0,8500.0,1000.0,12.0,70.0,450.0,5.0,2020-Q4,11.76470588235294,Q4,Fall,South,2020,30.3,13.6,1.6,2.0,5.4,2.9,2020
Washington,102000.0,103000.0,16500.0,16.0,6000.0,2000.0,2.0,2020-Q4,16.019417475728158,Q4,Fall,West,2020,25.5,20.2,22.9,2.6,4.7,4.4,2020
West Virginia,7500.0,7500.0,550.0,7.0,120.0,800.0,11.0,2020-Q4,7.333333333333333,Q4,Fall,South,2020,7.2,4.3,,1.0,4.5,1.1,2020
Wisconsin,60000.0,60000.0,8000.0,13.0,2800.0,4700.0,8.0,2020-Q4,13.333333333333334,Q4,Fall,Midwest,2020,29.3,0.6,,7.4,1.8,1.2,2020
Wyoming,23000.0,25000.0,1600.0,6.0,160.0,380.0,2.0,2020-Q4,6.4,Q4,Fall,West,2020,19.2,0.0,,2.4,2.2,1.4,2020
Other,10640.0,10740.0,2470.0,23.0,80.0,1300.0,12.0,2020-Q4,22.998137802607076,Q4,Fall,Other,2020,44.5,1.1,,,12.5,7.4,2020
Alabama,10000.0,10000.0,1200.0,12.0,670.0,200.0,2.0,2021-Q1,12.0,Q1,Winter,South,2021,52.2,30.3,0.0,,3.1,4.0,2021
Arizona,29000.0,29000.0,7000.0,24.0,3500.0,180.0,1.0,2021-Q1,24.137931034482758,Q1,Winter,West,2021,4.6,5.9,5.9,0.0,0.5,4.2,2021
Arkansas,21000.0,21000.0,2200.0,10.0,790.0,130.0,1.0,2021-Q1,10.476190476190476,Q1,Winter,South,2021,28.5,19.6,,14.2,3.8,2.6,2021
California,1240000.0,1550000.0,193000.0,12.0,76000.0,84000.0,5.0,2021-Q1,12.451612903225806,Q1,Winter,West,2021,29.9,5.7,1.7,7.2,6.2,3.4,2021
Colorado,3000.0,16500.0,640.0,4.0,850.0,30.0,,2021-Q1,3.878787878787879,Q1,Winter,West,2021,2.1,0.0,0.0,0.0,1.1,7.8,2021
Connecticut,4200.0,4200.0,780.0,19.0,350.0,50.0,1.0,2021-Q1,18.571428571428573,Q1,Winter,Northeast,2021,17.8,3.5,0.0,0.5,1.6,1.0,2021
Florida,300000.0,305000.0,31000.0,10.0,42000.0,17000.0,6.0,2021-Q1,10.163934426229508,Q1,Winter,South,2021,34.7,11.9,5.6,6.6,6.3,3.4,2021
Georgia,120000.0,120000.0,20000.0,17.0,34000.0,14500.0,12.0,2021-Q1,16.666666666666664,Q1,Winter,South,2021,47.9,14.4,8.9,1.5,4.1,4.6,2021
Hawaii,19500.0,19500.0,900.0,5.0,2400.0,1600.0,8.0,2021-Q1,4.615384615384616,Q1,Winter,West,2021,49.0,52.2,0.0,0.0,4.7,0.0,2021
Idaho,168000.0,171000.0,15000.0,9.0,9000.0,8500.0,5.0,2021-Q1,8.771929824561402,Q1,Winter,West,2021,33.3,10.7,0.0,9.5,1.8,1.7,2021
Illinois,9500.0,12500.0,3000.0,24.0,3300.0,200.0,2.0,2021-Q1,24.0,Q1,Winter,Midwest,2021,28.8,12.9,1.6,1.3,17.9,9.4,2021
Indiana,10000.0,11000.0,2700.0,25.0,3500.0,20.0,,2021-Q1,24.545454545454547,Q1,Winter,Midwest,2021,34.4,5.4,0.0,0.7,4.8,4.5,2021
Iowa,15000.0,25000.0,2100.0,8.0,3100.0,30.0,,2021-Q1,8.4,Q1,Winter,Midwest,2021,18.9,0.7,,3.7,7.8,3.8,2021
Kansas,5000.0,6500.0,1400.0,22.0,2300.0,10.0,,2021-Q1,21.53846153846154,Q1,Winter,Midwest,2021,25.7,2.8,0.0,0.0,19.1,2.2,2021
Kentucky,9500.0,9500.0,2100.0,22.0,2500.0,80.0,1.0,2021-Q1,22.105263157894736,Q1,Winter,South,2021,27.5,16.9,,0.0,5.1,9.3,2021
Louisiana,51000.0,53000.0,7500.0,14.0,1100.0,3000.0,6.0,2021-Q1,14.150943396226415,Q1,Winter,South,2021,61.4,8.5,0.0,1.6,8.2,0.9,2021
Maine,2900.0,2900.0,300.0,10.0,60.0,80.0,3.0,2021-Q1,10.344827586206897,Q1,Winter,Northeast,2021,7.2,2.6,,0.0,2.2,2.1,2021
Maryland,7000.0,7000.0,1200.0,17.0,590.0,240.0,3.0,2021-Q1,17.142857142857142,Q1,Winter,South,2021,34.6,1.1,0.0,,19.7,2.7,2021
Massachusetts,5000.0,5000.0,1000.0,20.0,30.0,90.0,2.0,2021-Q1,20.0,Q1,Winter,Northeast,2021,28.9,3.6,1.0,0.5,7.8,4.5,2021
Michigan,78000.0,78000.0,1500.0,2.0,320.0,4100.0,5.0,2021-Q1,1.9230769230769231,Q1,Winter,Midwest,2021,2.3,,,,0.7,1.6,2021
Minnesota,41000.0,68000.0,3200.0,5.0,2900.0,140.0,,2021-Q1,4.705882352941177,Q1,Winter,Midwest,2021,6.3,0.6,,2.5,2.8,,2021
Mississippi,33000.0,36000.0,5500.0,15.0,14500.0,3800.0,11.0,2021-Q1,15.277777777777779,Q1,Winter,South,2021,9.7,3.8,0.0,1.0,10.6,4.7,2021
Missouri,5500.0,5500.0,1500.0,27.0,780.0,40.0,1.0,2021-Q1,27.27272727272727,Q1,Winter,Midwest,2021,16.6,5.6,,0.8,13.1,10.3,2021
Montana,40000.0,51000.0,310.0,1.0,0.0,20.0,,2021-Q1,0.607843137254902,Q1,Winter,West,2021,,0.0,,0.0,,,2021
Nebraska,11000.0,17500.0,640.0,4.0,1300.0,0.0,0.0,2021-Q1,3.6571428571428575,Q1,Winter,Midwest,2021,0.0,0.0,0.0,1.5,1.7,0.7,2021
New Jersey,14000.0,14000.0,360.0,3.0,610.0,80.0,1.0,2021-Q1,2.571428571428571,Q1,Winter,Northeast,2021,18.7,1.5,1.0,1.3,1.2,0.8,2021
New Mexico,3500.0,3500.0,230.0,7.0,2200.0,0.0,0.0,2021-Q1,6.571428571428571,Q1,Winter,West,2021,14.2,0.1,0.0,0.0,6.5,1.9,2021
New York,30000.0,30000.0,4900.0,16.0,3400.0,380.0,1.0,2021-Q1,16.333333333333332,Q1,Winter,Northeast,2021,15.0,3.9,0.6,0.5,5.7,4.8,2021
North Carolina,18000.0,21000.0,2100.0,10.0,2700.0,110.0,1.0,2021-Q1,10.0,Q1,Winter,South,2021,23.7,7.3,,,0.6,0.5,2021
Ohio,17500.0,17500.0,4000.0,23.0,120.0,20.0,,2021-Q1,22.857142857142858,Q1,Winter,Midwest,2021,26.6,14.4,2.9,2.0,8.2,4.9,2021
Oklahoma,28000.0,28000.0,2600.0,9.0,4100.0,360.0,1.0,2021-Q1,9.285714285714286,Q1,Winter,South,2021,7.6,,0.0,,4.2,2.0,2021
Oregon,76000.0,79000.0,3100.0,4.0,2600.0,610.0,1.0,2021-Q1,3.9240506329113924,Q1,Winter,West,2021,12.9,10.7,1.4,,1.2,0.6,2021
Pennsylvania,20000.0,21000.0,5500.0,26.0,4100.0,40.0,,2021-Q1,26.190476190476193,Q1,Winter,Northeast,2021,18.1,11.6,,0.0,6.8,8.2,2021
South Carolina,15500.0,18500.0,1200.0,6.0,930.0,190.0,1.0,2021-Q1,6.486486486486487,Q1,Winter,South,2021,48.5,10.1,,3.2,4.1,0.9,2021
South Dakota,28000.0,34000.0,450.0,1.0,0.0,0.0,0.0,2021-Q1,1.3235294117647058,Q1,Winter,Midwest,2021,8.6,,0.0,,,0.8,2021
Tennessee,12000.0,13000.0,2200.0,17.0,960.0,310.0,2.0,2021-Q1,16.923076923076923,Q1,Winter,South,2021,34.4,5.2,1.4,0.8,2.6,8.9,2021
Texas,240000.0,345000.0,23000.0,7.0,56000.0,13000.0,4.0,2021-Q1,6.666666666666667,Q1,Winter,South,2021,18.5,13.8,1.6,6.0,7.7,,2021
Utah,17500.0,18500.0,2500.0,14.0,4000.0,0.0,0.0,2021-Q1,13.513513513513514,Q1,Winter,West,2021,45.4,0.9,0.0,2.4,1.0,11.2,2021
Vermont,7500.0,7500.0,1300.0,17.0,670.0,70.0,1.0,2021-Q1,17.333333333333336,Q1,Winter,Northeast,2021,21.1,,3.7,0.0,10.1,,2021
Virginia,7000.0,7000.0,1400.0,20.0,2300.0,50.0,1.0,2021-Q1,20.0,Q1,Winter,South,2021,11.9,1.0,0.0,1.9,3.9,4.9,2021
Washington,48000.0,67000.0,6000.0,9.0,5500.0,850.0,1.0,2021-Q1,8.955223880597014,Q1,Winter,West,2021,15.5,2.4,1.0,,5.3,,2021
West Virginia,7000.0,7500.0,1200.0,16.0,1700.0,720.0,10.0,2021-Q1,16.0,Q1,Winter,South,2021,13.7,3.4,0.7,2.6,1.2,3.3,2021
Wisconsin,25000.0,37000.0,2500.0,7.0,7000.0,170.0,,2021-Q1,6.756756756756757,Q1,Winter,Midwest,2021,16.1,,,0.0,3.6,3.2,2021
Wyoming,13000.0,14500.0,1700.0,12.0,500.0,1200.0,8.0,2021-Q1,11.724137931034482,Q1,Winter,West,2021,,,,0.0,3.3,7.9,2021
Other,6640.0,6640.0,540.0,8.0,600.0,70.0,1.0,2021-Q1,8.132530120481928,Q1,Winter,Other,2021,19.4,1.2,4.1,,6.8,1.1,2021
